Rank,Name,Role,Pre-NBA,Age,Height (in),Height,Wingspan (in),Wingspan,Wing - Height,Weight (lbs),NBA Team,MEAN,MEDIAN,MODE,HIGH,LOW,RANGE,STDEV,ESPN,The Athletic,On3 ,@codyreeves14,@henrynbadraft,@LoganH_utk,@_gettingBuckets,@fra_sempru,@kimonsjaer24,@andreacannici,@_thedealzone,@fergaburger1,@criggsnba,@Skillz8123,@finleykuehl,@GamebreakNow,@OranjeGuerrero,@kabengelestan,@JEnnisNBADraft,@shammdog,dubc126@gmail.com,joshuagreco@outlook.com,@hoopsforecast,@britishbuzz,@CediBetter,@ZP12Hoops,@leftfieldsoup,@NBADraftFuture,@_GatheringIntel,@Will_Rucker3_AD,@larry_hoodie,@onballcreator,@CannibalSerb,@RutgersMilos,@Fiizop,@spainpnr,@okcfanethan,@cozylito,@DraftGuyEli,@bjpf_,Jeremy Langwood,@rowankent,@Scoutspects,@KornHoops,@DraftPow,@EthanTalksHoops,@draftpoint2024,@SpencerVonNBA,@EDemirNBA,@report_court,@Daniel_Sherm14,@ilkoius,"@TrellInterlude
",@ShoryLoganNBA,@HuntHoops,@OpticalHoops,@Nittanylion02,@SpreadScouting,@penguinpub,@cparkernba,@alley_oop_coop,@nilehoops,@wheatobrando,@ChuckingDarts,@DuvaltoDMV,@TheRyanMcCrary,@kalidrafts,@asherlevynba,@BrianJNBA,@halfawaketakes,@ctfazio24  ,@connectivedraft  ,@hoopswill,@chipwilliamsjr ,@purebballLLC,@myles23teal,@IrisMachine,@lw14Robbie,@TheCollinDunks,@thezonemaster,@zachefiene,@mcfxz,@kermit_cop,@SBN_Ricky,@bballstrategy,@sullysays_,Reverse Enigma,@bcb_75 ,@nolang ,@NYYFraudOffice,@mooh3e  ,Biased-Deezus,@nickogan,@fredmcnba ,@dlee4three,@jtiendana ,@pjc1019_30,@j0nzzzz,@therealStargon,@logana_NBA ,@dakduffyj42,@100guaranteed,@CRiehl30
1,Alexandre Sarr,,,,,,,,,,,2.66,2,1,1,16,15,2.802,2,1,2,3,4,5,3,1,2,1,13,10,8,1,1,1,1,1,1,1,1,3,5,2,1,2,1,1,3,1,2,2,5,4,6,1,2,2,1,1,3,1,3,1,7,1,1,1,5,2,2,1,1,2,1,1,1,10,5,1,1,12,3,4,4,10,1,1,1,3,1,2,2,3,1,4,1,2,3,1,2,1,1,2,16,1,1,1,1,7,1,2,1,1,1,1,2,4,1,3,1,4,1
2,Reed Sheppard,,,,,,,,,,,4.62,4,2,1,15,14,3.236,4,2,4,1,1,2,4,9,9,12,2,1,1,6,14,3,7,6,3,4,6,2,2,7,4,6,4,3,10,7,11,11,4,1,2,2,4,3,11,7,2,7,9,3,2,5,7,7,11,7,4,8,6,8,9,3,3,2,1,3,3,2,1,1,1,2,3,3,6,1,10,1,4,2,4,7,4,7,4,2,15,5,2,4,4,3,3,2,3,2,2,3,2,6,7,3,1,5,4,12,8,1,2
3,Ron Holland,,,,,,,,,,,5.54,3,2,1,37,36,5.927,13,10,9,2,6,10,15,2,1,18,5,21,6,4,3,2,4,2,11,6,2,5,16,14,3,3,7,10,2,2,5,3,23,5,5,5,12,1,4,2,1,3,2,2,3,2,5,3,1,1,1,5,3,1,2,8,9,13,2,2,2,17,2,2,6,21,7,2,2,9,2,3,1,1,3,3,2,1,1,6,1,2,8,3,37,2,2,13,2,6,4,1,4,2,2,2,12,1,2,1,15,5,3
3,Donovan Clingan,,,,,,,,,,,5.54,4,4,1,20,19,3.749,3,4,1,11,2,6,2,10,6,15,3,2,2,7,4,5,10,3,4,7,15,8,1,3,6,4,3,4,8,9,4,4,19,2,3,4,3,4,14,9,4,6,5,15,4,3,3,13,2,8,5,6,5,6,4,6,2,3,4,5,11,3,20,6,2,1,2,6,11,2,5,7,5,7,5,2,5,4,5,4,7,3,7,8,2,4,7,3,7,1,3,9,5,10,4,6,6,9,3,2,2,3,4
5,Rob Dillingham,,,,,,,,,,,8.87,8,9,1,34,33,6.159,8,15,13,4,7,34,1,3,4,19,6,13,9,2,6,9,21,5,7,9,9,17,4,18,5,9,16,12,9,5,3,1,2,24,10,11,10,9,5,5,6,10,1,8,8,13,4,2,6,5,3,4,2,3,8,11,17,9,7,9,21,21,12,12,3,7,17,8,3,27,9,6,10,4,2,6,7,3,2,17,3,9,9,5,24,6,5,18,8,18,11,11,11,11,3,7,8,8,5,4,6,7,5
6,Nikola Topic,,,,,,,,,,,9.36,8,8,1,34,33,6.818,10,13,11,6,3,4,29,4,10,13,8,4,4,12,24,7,5,20,6,17,8,9,8,5,2,5,13,14,1,4,1,20,3,7,11,7,17,14,26,4,26,2,7,5,10,6,10,9,16,34,9,7,12,15,6,4,11,8,3,8,33,7,14,19,5,3,8,5,7,18,3,5,14,6,8,16,3,10,8,3,17,7,5,1,21,7,8,4,4,5,19,6,3,5,9,5,3,2,8,10,9,8,6
7,Devin Carter,,,,,,,,,,,10.14,10,7,1,33,32,4.705,12,7,7,9,11,1,10,15,14,6,24,6,7,9,33,11,11,9,12,10,10,6,11,8,9,7,11,7,7,20,9,5,7,9,15,10,5,10,3,16,11,13,11,12,6,12,8,14,10,12,13,9,15,7,20,13,4,7,8,7,5,20,10,3,8,5,15,10,16,10,7,4,8,9,7,15,12,9,17,5,11,13,4,9,6,9,10,5,13,8,15,16,6,8,11,13,17,11,6,13,4,13,7
8,Stephon Castle,,,,,,,,,,,10.69,9,3,1,34,33,7.264,6,3,5,19,13,20,6,8,3,10,23,24,17,3,11,4,3,7,8,3,7,1,3,4,8,34,9,2,21,10,10,6,1,6,19,15,14,22,2,13,24,4,10,9,19,7,2,5,3,20,10,3,28,9,7,7,20,21,20,16,18,27,4,13,7,6,6,13,4,16,8,23,7,13,13,5,6,5,6,11,10,22,3,10,25,11,4,12,6,3,20,5,10,9,6,4,10,15,10,23,3,14,8
9,Zaccharie Risacher,,,,,,,,,,,10.73,9,6,1,31,30,6.619,1,5,3,20,15,7,7,7,5,2,14,22,15,23,9,6,2,12,5,2,20,12,7,1,7,24,2,5,6,11,13,10,8,3,27,9,16,16,13,14,16,8,4,6,26,8,6,6,9,9,7,11,13,12,5,9,5,16,15,6,15,26,15,11,26,31,12,17,5,4,12,17,9,12,6,8,8,6,13,9,6,6,6,11,31,14,6,7,5,9,18,4,14,7,12,10,4,3,16,15,10,17,9
10,Matas Buzelis,,,,,,,,,,,11.03,9,6,1,45,44,7.108,5,12,8,10,20,11,13,6,7,17,22,25,24,10,2,8,9,4,2,5,3,20,12,6,10,17,17,9,4,6,16,9,14,12,17,6,15,12,21,6,9,5,6,7,17,4,9,8,7,4,6,2,10,18,3,14,14,20,14,4,7,25,6,7,21,37,13,20,12,17,6,14,3,11,19,1,11,8,9,8,4,8,10,6,45,13,9,6,9,15,6,7,18,4,5,14,13,6,11,8,5,16,10
11,Isaiah Collier,,,,,,,,,,,13.32,12,5,3,56,53,8.341,23,19,12,5,16,9,30,5,8,25,11,35,19,5,5,13,23,26,10,16,23,16,9,15,12,13,8,20,5,3,12,15,36,19,16,3,13,6,16,3,7,11,12,4,14,17,21,4,12,3,8,15,4,5,10,5,18,17,12,14,4,16,32,17,15,14,11,14,10,21,4,10,23,5,9,10,10,11,20,19,5,4,12,7,56,5,17,11,14,22,7,12,13,3,8,11,14,24,7,7,17,19,11
12,Dalton Knecht,,,,,,,,,,,15.12,13,10,5,39,34,7.187,7,9,6,39,31,8,5,14,12,11,25,23,25,8,15,10,6,8,9,11,24,10,6,10,11,19,6,11,17,16,6,8,9,15,28,13,11,26,17,25,30,12,18,10,32,11,11,12,14,10,16,12,20,14,18,24,7,15,25,13,17,35,19,16,18,20,9,11,19,12,13,18,11,20,10,11,16,13,12,10,23,10,14,18,7,10,15,10,22,13,24,31,23,13,10,16,9,14,13,5,12,29,12
13,Kel'el Ware,,,,,,,,,,,16.98,15,12,4,50,46,9.069,24,26,16,14,8,17,22,22,19,22,12,9,5,11,16,22,28,13,13,12,4,11,25,20,25,15,35,26,38,13,20,13,22,26,9,8,7,7,8,10,12,17,13,11,11,16,17,11,18,30,12,10,7,10,14,10,6,11,10,24,50,9,33,9,9,12,34,21,9,48,14,12,15,23,15,21,14,12,24,13,18,12,17,13,20,12,19,34,37,17,5,30,8,15,15,15,16,39,9,19,19,6,14
14,DaRon Holmes II,,,,,,,,,,,17.32,17,13,3,62,59,8.711,38,24,19,27,14,13,40,17,13,5,7,7,10,14,17,15,14,25,23,13,12,22,30,31,20,10,12,18,14,23,15,26,21,21,14,17,6,13,12,17,18,16,15,17,18,9,20,18,17,11,14,17,14,5,30,31,23,5,9,20,6,5,22,32,13,8,5,9,18,7,16,13,24,8,17,14,13,20,16,16,13,15,21,21,3,8,22,19,19,62,30,20,20,12,17,12,19,34,25,26,26,9,13
15,Cody Williams,,,,,,,,,,,17.56,15,11,4,58,54,9.687,11,6,14,28,40,19,9,11,15,4,41,34,37,20,12,18,8,10,15,8,5,7,10,13,13,23,14,6,12,12,14,7,15,10,35,14,29,19,7,21,27,9,19,32,23,10,15,10,8,14,22,13,18,21,11,12,30,28,19,18,27,37,5,8,20,35,10,15,13,25,11,27,12,21,18,13,15,17,11,25,19,11,11,14,58,16,27,14,11,35,17,24,19,19,20,27,11,7,14,6,7,37,15
16,Zach Edey,,,,,,,,,,,18.14,19,1,1,63,62,11.303,16,17,22,12,5,3,11,20,25,20,1,3,3,26,18,19,26,27,14,27,16,28,19,25,19,1,22,23,25,31,27,23,18,8,1,21,1,5,28,33,8,24,30,28,1,30,23,33,30,41,15,16,17,37,21,30,31,1,6,21,23,1,8,5,11,4,29,27,30,5,17,8,6,10,11,33,29,19,10,14,21,29,15,19,1,31,11,15,10,63,9,8,9,43,30,8,5,27,24,18,22,2,16
17,Jared McCain,,,,,,,,,,,18.46,17,16,4,42,38,7.387,15,14,13,17,12,22,12,16,16,24,10,8,14,17,20,12,20,16,19,24,31,21,13,16,16,31,19,15,24,8,19,32,16,16,18,25,18,42,19,15,41,14,16,22,33,15,16,25,21,28,17,19,35,26,13,15,19,6,18,25,31,8,16,25,16,11,19,7,22,6,22,15,21,34,12,22,19,15,19,12,14,14,19,20,14,22,12,8,16,4,34,17,7,20,21,9,23,16,33,22,13,15,17
18,Kyle Filipowski,,,,,,,,,,,20.14,19,11,4,51,47,9.384,21,16,20,8,9,14,20,28,35,27,9,5,11,28,25,24,35,14,25,28,21,15,15,11,14,33,51,35,11,18,7,12,11,23,4,12,20,8,22,18,10,18,26,23,12,19,24,19,38,17,11,24,24,33,16,18,24,4,23,15,9,4,23,26,14,9,20,26,26,47,19,11,17,15,37,30,21,16,27,27,12,27,29,16,13,23,18,17,20,10,8,22,21,32,19,31,18,36,12,39,37,10,19
19,Carlton Carrington,,,,,,,,,,,20.38,18,18,4,59,55,9.718,19,8,17,7,18,15,18,18,11,16,21,33,26,16,8,21,13,17,17,22,32,14,20,17,15,44,20,8,22,22,17,29,24,18,29,16,25,17,18,20,19,23,14,19,20,21,13,23,58,24,26,14,9,10,31,17,8,22,26,33,41,43,11,14,12,30,31,4,17,23,18,30,19,16,41,23,9,28,7,15,16,16,13,24,59,24,16,20,18,39,10,18,12,16,16,33,24,12,21,9,14,21,18
20,Tyler Smith,,,,,,,,,,,23.37,24,25,4,57,53,9.928,34,25,30,26,10,31,33,25,20,28,4,17,12,29,13,14,46,11,32,21,36,26,40,32,23,16,15,31,18,25,35,17,35,11,7,27,32,11,31,22,13,19,17,25,13,18,25,24,13,23,21,31,33,29,12,20,32,18,17,29,16,6,21,24,10,41,14,25,20,33,25,35,28,32,16,17,25,27,21,41,41,17,24,12,57,26,13,36,15,11,14,10,15,24,14,37,40,10,36,33,30,12,20
21,Tidjane Salaun,,,,,,,,,,,23.60,22,18,2,74,72,12.354,9,11,10,24,32,12,8,21,24,3,40,37,39,25,28,20,18,30,29,20,18,13,14,12,18,8,33,22,27,14,22,33,6,14,37,23,31,32,10,12,42,27,8,21,36,14,18,16,4,51,20,18,29,48,29,2,21,29,34,38,74,10,34,10,30,49,16,32,8,24,20,38,13,17,48,29,17,23,25,7,29,19,18,15,55,15,21,26,12,24,27,23,25,33,29,25,7,18,31,31,16,43,21
22,Yves Missi,,,,,,,,,,,24.78,24,22,8,61,53,8.593,22,20,21,23,28,37,34,19,17,21,29,39,30,24,10,28,27,18,26,32,35,27,21,24,21,20,25,19,30,15,8,18,20,25,38,19,24,34,15,8,29,20,23,27,27,22,26,15,37,40,19,25,22,34,17,16,13,32,22,26,47,42,25,40,32,27,18,22,14,20,23,36,16,24,14,20,24,25,31,20,9,24,16,17,61,29,24,22,21,16,28,35,22,17,28,21,25,41,34,16,29,32,22
23,Jaylon Tyson,,,,,,,,,,,24.93,25,27,6,51,45,8.258,31,28,27,51,22,25,23,24,23,26,34,27,20,27,39,17,12,31,28,14,37,24,22,33,27,14,30,13,16,28,33,14,27,20,30,18,33,23,33,26,23,25,21,34,30,25,14,17,19,6,18,22,27,11,32,22,26,27,16,10,8,33,35,20,22,19,27,23,31,25,21,16,27,18,28,36,27,14,14,39,37,25,26,23,46,21,25,9,26,30,38,21,39,23,27,28,37,13,23,20,40,30,23
24,Ja'Kobe Walter,,,,,,,,,,,25.28,24,23,4,60,56,10.530,14,23,15,16,33,23,14,27,21,14,20,38,29,19,33,25,22,22,16,23,33,18,17,9,24,28,5,25,23,29,18,25,10,17,34,24,26,38,9,27,33,15,25,37,43,28,27,26,24,53,27,28,26,24,15,26,12,30,50,37,59,34,13,34,24,42,4,33,21,8,24,37,22,30,20,12,28,30,22,21,8,21,25,22,60,18,37,23,23,27,37,48,34,30,13,19,22,23,22,32,11,34,25
25,Tristan da Silva,,,,,,,,,,,25.52,23,18,8,64,56,10.510,17,18,18,59,42,28,17,26,18,8,36,36,38,15,19,16,15,15,27,18,34,23,24,21,22,32,10,16,15,26,28,16,12,13,36,26,28,35,23,34,40,22,31,13,41,20,12,32,46,15,23,20,25,44,23,38,22,31,30,22,12,44,18,31,31,26,47,24,27,13,31,21,18,37,35,18,23,18,18,23,30,18,22,25,41,19,14,24,40,64,33,13,17,18,23,18,26,25,17,21,24,48,24
26,Johnny Furphy,,,,,,,,,,,28.40,28,28,5,78,73,10.949,18,27,25,15,26,27,21,31,28,23,15,29,27,30,22,36,33,28,21,31,38,30,28,23,17,36,31,28,20,47,25,34,26,29,8,20,35,20,32,39,5,29,22,26,22,23,28,37,59,32,29,32,23,49,25,23,28,19,27,17,13,18,36,15,27,28,23,30,36,41,35,34,33,22,36,34,18,38,28,30,24,26,30,29,47,28,78,29,33,14,12,36,16,22,24,20,42,33,29,76,21,20,27
27,Baylor Scheierman,,,,,,,,,,,28.44,28,28,9,50,41,9.504,27,22,23,32,25,21,28,48,32,31,19,11,18,31,44,31,16,24,30,29,40,33,35,19,26,11,41,21,44,27,34,21,34,30,21,28,19,24,35,35,35,46,35,38,24,37,29,30,20,36,24,29,16,28,19,21,33,14,31,39,14,14,37,35,19,15,50,31,46,28,29,9,25,26,24,38,32,24,23,49,43,34,20,50,12,33,28,16,41,34,39,39,26,14,41,23,20,22,15,27,27,25,28
28,Pacome Dadiet,,,,,,,,,,,28.54,28,30,8,62,54,10.257,30,34,40,33,23,18,19,13,33,29,43,42,23,18,30,27,24,23,47,19,39,31,49,30,42,37,27,17,13,21,32,28,13,27,32,29,36,33,24,19,34,30,36,46,37,27,19,22,15,35,28,23,8,25,28,19,34,34,21,12,25,47,38,18,29,61,30,35,25,13,36,40,38,28,49,9,34,21,32,26,42,28,27,26,62,30,20,25,17,19,29,14,33,26,25,17,21,38,32,11,32,26,26
29,Terrence Shannon,,,,,,,,,,,31.81,31,31,5,94,89,14.718,26,39,26,43,27,16,35,29,38,30,42,19,31,13,37,30,30,37,22,34,17,32,27,29,31,70,43,34,33,17,36,22,59,22,24,32,9,18,34,38,22,94,33,20,9,31,30,29,27,75,38,26,19,50,22,33,10,35,24,11,79,24,39,23,43,16,36,34,53,62,15,24,31,41,30,24,43,41,15,37,31,31,31,31,5,17,33,38,24,31,25,32,27,37,60,22,16,61,19,24,45,28,29
30,Ryan Dunn,,,,,,,,,,,32.08,31,29,7,55,48,9.511,28,29,37,25,34,36,43,23,22,35,33,41,34,34,20,29,25,48,41,25,13,19,29,28,28,21,55,29,43,50,37,38,31,34,40,33,37,28,25,31,36,26,49,24,16,24,31,27,22,27,31,37,52,16,48,45,29,36,44,46,26,45,7,27,33,45,25,29,29,43,27,33,48,33,21,35,33,32,33,18,35,32,32,30,53,25,23,28,29,52,36,15,24,25,26,42,30,17,46,34,25,35,31
31,Jonathan Mogbo,,,,,,,,,,,32.62,34,38,5,70,65,12.319,40,43,39,31,17,30,41,38,39,36,16,14,16,35,70,42,44,52,51,36,26,38,38,40,43,18,56,33,29,32,38,48,28,35,13,34,8,15,27,32,17,44,29,33,5,46,32,35,33,22,40,45,21,20,37,35,27,12,11,30,10,13,41,28,23,13,52,36,43,52,38,20,36,14,26,19,30,33,30,38,44,40,33,47,17,38,45,39,38,26,16,52,42,39,35,48,27,26,51,29,50,18,30
32,Tyler Kolek,,,,,,,,,,,34.76,33,30,11,69,58,11.438,25,21,33,44,30,61,25,46,29,32,38,45,32,32,26,23,31,19,33,26,41,34,18,34,30,22,21,37,46,52,44,27,17,31,43,30,39,45,39,68,55,28,41,31,44,35,22,40,45,29,30,27,42,36,35,64,41,37,40,51,53,30,26,48,34,18,22,38,42,11,40,25,30,47,23,27,39,35,34,22,45,33,28,35,30,27,26,21,46,28,42,19,69,27,61,53,32,29,18,35,20,36,34
33,KJ Simpson,,,,,,,,,,,35.22,35,30,11,101,89,12.939,52,53,48,30,19,24,24,45,42,37,28,15,13,36,32,40,39,34,49,42,45,39,23,41,35,30,29,47,34,30,43,30,30,36,12,35,21,27,43,23,20,38,51,18,21,40,33,34,61,48,34,38,30,42,49,28,40,23,13,40,30,11,42,46,17,24,26,42,39,19,41,26,55,25,32,43,44,31,42,44,27,41,34,28,11,39,49,30,45,32,22,38,43,48,45,40,44,62,101,37,34,11,32
34,Kyshawn George,,,,,,,,,,,35.66,34,39,6,65,59,10.920,20,35,34,53,53,39,27,30,27,9,39,40,40,22,23,34,47,29,18,30,30,29,33,27,38,12,44,27,39,45,26,47,32,28,39,31,34,48,6,43,49,35,24,51,61,41,34,47,60,19,57,30,45,39,45,29,15,33,37,32,37,46,30,33,41,40,65,28,33,50,32,39,32,44,33,37,35,39,29,33,20,23,23,36,63,32,43,37,42,33,40,47,29,31,32,29,39,51,35,30,28,49,35
35,Nikola Djurisic,,,,,,,,,,,35.75,36,35,4,69,65,11.785,50,37,57,49,35,41,26,12,26,38,46,43,42,37,56,38,40,39,20,15,19,4,47,35,40,69,32,41,26,33,39,19,25,37,41,36,38,25,36,24,25,43,27,30,25,26,35,36,54,18,36,35,36,13,53,56,35,38,35,31,32,50,43,38,44,54,32,12,28,34,26,41,46,39,58,40,36,26,26,24,48,20,35,45,64,40,30,41,31,36,44,59,35,34,18,24,48,40,26,40,18,39,38
36,Isaiah Crawford,,,,,,,,,,,36.32,35,29,11,73,62,13.617,67,56,73,34,39,29,46,40,44,33,45,44,41,33,58,35,17,35,64,35,11,35,64,36,46,29,36,42,28,24,40,49,61,32,42,22,40,21,37,28,14,55,28,16,31,45,36,31,28,13,39,39,32,17,24,34,37,39,32,19,29,48,44,29,52,29,63,18,24,31,33,22,20,19,65,28,22,22,35,45,46,35,36,46,49,20,69,42,25,66,23,26,46,29,39,41,34,19,20,36,52,27,37
37,Dillon Jones,,,,,,,,,,,36.36,37,44,11,65,54,11.435,51,65,32,18,36,26,42,34,41,39,44,48,33,38,40,32,41,57,54,40,46,40,42,42,32,26,23,30,45,19,29,60,40,38,44,37,44,30,20,11,43,21,39,14,45,34,37,21,52,44,25,42,31,30,27,44,16,42,29,43,65,40,46,22,51,17,21,45,23,30,37,28,54,29,22,32,26,29,43,48,36,30,37,42,28,46,35,32,43,65,21,44,30,21,34,36,41,50,30,17,51,44,36
38,Ajay Mitchell,,,,,,,,,,,39.00,40,46,13,68,55,11.253,41,30,42,61,55,33,48,33,37,40,49,51,46,39,41,33,38,44,35,33,28,41,50,48,34,27,40,24,31,36,24,55,45,39,49,38,45,29,46,36,15,32,32,35,34,39,38,20,23,67,41,21,22,22,41,55,47,43,28,34,57,53,47,50,42,25,43,46,14,42,34,19,45,31,52,26,20,46,44,32,50,47,38,34,51,47,47,46,48,68,13,55,37,40,44,34,29,20,28,46,54,51,39
39,Jamal Shead,,,,,,,,,,,39.12,39,40,15,73,58,11.131,46,31,35,29,29,59,44,51,40,41,17,18,28,40,46,44,68,49,52,48,25,25,31,37,50,73,24,39,41,43,31,58,60,40,23,39,27,40,38,55,32,39,45,49,35,44,39,51,51,55,46,44,37,27,33,40,36,24,45,47,20,15,40,47,35,23,33,37,51,32,61,31,29,38,44,39,40,42,36,36,39,36,39,32,19,34,41,40,44,23,41,25,49,46,33,50,35,59,55,28,35,23,41
40,Kevin McCullar,,,,,,,,,,,39.42,40,42,14,67,53,9.730,37,55,36,38,54,50,36,41,30,42,47,49,43,41,31,26,37,21,31,37,51,42,26,49,44,62,26,45,49,35,21,35,44,41,47,40,52,36,29,46,28,33,42,52,42,29,40,38,36,21,33,34,43,40,57,50,45,44,46,42,24,51,48,37,53,36,35,19,47,29,28,42,26,45,31,25,31,45,51,50,49,48,40,27,38,48,42,31,47,67,26,40,41,38,42,43,31,28,41,14,39,50,40
41,Adem Bona,,,,,,,,,,,43.27,43,41,18,66,48,9.298,33,41,45,41,45,38,53,39,34,43,56,52,50,42,27,41,43,53,34,41,47,43,37,43,39,45,18,54,35,54,51,46,37,42,50,41,46,39,47,40,37,41,34,42,40,42,41,46,44,33,43,54,50,23,36,53,48,45,48,27,19,61,24,54,40,47,54,47,34,22,42,50,60,35,39,51,38,53,45,56,56,42,41,33,66,41,46,51,54,55,51,29,57,42,37,30,28,48,48,55,46,56,42
42,Cam Spencer,,,,,,,,,,,44.74,44,43,8,76,68,14.017,42,38,69,46,24,53,45,66,43,44,18,12,22,43,68,54,57,51,75,65,43,44,32,38,62,25,39,61,47,73,41,72,29,43,20,42,23,46,40,54,50,58,58,40,48,60,42,58,62,61,45,46,60,43,47,76,38,26,39,52,40,19,28,41,28,22,38,39,60,61,45,29,49,46,45,41,41,43,39,51,47,37,42,61,8,35,40,44,39,20,43,45,28,50,54,46,59,43,53,70,42,31,48
43,Oso Ighodaro,,,,,,,,,,,44.91,45,45,14,70,56,10.062,58,42,31,57,47,65,47,47,47,45,48,46,45,44,36,43,64,60,39,44,14,45,53,44,41,39,53,60,50,60,45,31,41,44,45,43,42,49,30,50,44,40,44,53,15,47,43,61,41,26,32,49,39,45,40,52,43,46,36,53,49,41,27,49,39,33,51,43,37,46,47,32,59,43,25,45,37,36,38,52,28,43,43,52,42,42,53,35,50,69,47,61,70,44,62,45,38,57,61,42,47,38,45
44,Tristen Newton,,,,,,,,,,,45.24,46,46,10,66,56,10.492,66,46,64,42,44,46,49,59,46,46,32,31,44,45,50,53,62,33,66,47,52,46,41,50,52,43,61,58,36,37,30,44,62,45,25,44,30,50,44,37,39,52,48,41,28,53,44,28,53,46,42,48,61,35,38,47,42,47,41,28,28,52,49,39,37,44,49,16,38,60,30,43,40,56,59,44,46,47,52,54,32,49,44,54,10,49,48,43,49,25,46,62,54,41,58,38,50,49,63,41,55,52,46
45,Jaylen Wells,,,,,,,,,,,45.42,47,53,16,101,84,12.863,47,50,62,58,57,32,54,32,53,47,52,58,51,46,57,55,19,47,58,38,53,47,61,51,51,40,28,38,55,42,52,24,39,46,59,45,53,37,53,48,52,64,20,39,51,59,45,41,25,16,35,55,53,31,46,48,59,48,33,41,22,57,50,21,38,52,44,53,32,26,39,51,39,27,57,31,52,40,53,59,57,50,45,44,69,50,32,52,55,42,35,43,38,56,48,26,46,21,102,25,43,57,43
46,Cam Christie,,,,,,,,,,,46.32,48,51,13,68,55,9.855,32,33,41,13,51,49,38,37,36,48,50,59,52,47,65,59,29,63,44,46,54,48,36,52,45,65,45,49,51,34,53,52,49,47,51,46,54,43,54,30,45,47,59,29,62,52,46,50,34,42,53,50,46,52,43,41,25,49,42,45,68,54,51,42,54,56,41,54,35,39,49,52,51,42,55,52,47,37,54,28,51,51,46,48,65,51,29,53,32,41,32,34,52,49,56,61,47,47,27,45,31,53,47
47,Bobi Klintman,,,,,,,,,,,47.08,48,48,7,100,93,12.910,29,36,38,62,56,40,32,44,48,7,51,47,47,48,29,47,45,38,48,50,42,36,48,22,29,77,46,50,52,63,46,57,57,48,46,47,41,51,41,72,57,50,61,55,63,33,47,69,56,39,56,51,40,54,50,46,44,40,49,44,58,55,9,51,56,58,42,40,55,55,55,45,34,53,38,46,48,34,37,31,52,38,47,38,68,36,100,27,51,70,48,33,51,53,57,35,53,42,43,64,23,54,49
48,N'Faly Dante,,,,,,,,,,,48.46,49,48,9,78,69,14.335,68,63,59,63,21,54,39,74,45,49,26,16,21,49,53,48,53,55,62,60,44,49,68,39,54,64,52,62,48,46,42,65,48,49,22,48,22,52,42,51,58,65,60,44,29,61,48,57,63,62,61,47,62,51,69,37,39,25,55,54,44,49,17,43,25,46,78,41,61,45,62,44,62,76,29,42,45,44,40,53,40,39,48,37,9,37,50,45,36,12,45,50,58,51,52,58,60,66,56,75,53,24,52
49,Justin Edwards,,,,,,,,,,,48.90,50,50,22,81,59,10.175,39,58,28,54,58,56,51,42,51,50,35,50,48,50,43,49,36,40,24,57,29,50,34,45,48,81,60,32,42,57,47,53,52,50,48,49,43,54,45,60,59,49,54,56,57,57,49,55,42,54,52,52,56,55,44,25,46,50,52,36,73,56,31,52,58,60,45,44,56,58,46,46,41,57,50,47,50,48,41,40,22,44,49,58,70,43,31,47,56,49,52,28,45,57,64,59,55,32,57,63,49,55,55
50,Harrison Ingram,,,,,,,,,,,49.50,50,54,21,92,71,10.573,44,54,29,35,61,45,58,36,54,51,57,53,53,51,48,69,66,41,45,45,48,51,39,46,58,42,38,57,60,39,54,39,63,51,52,50,47,47,48,45,54,45,53,54,54,49,50,42,50,56,37,40,54,59,64,57,49,51,51,50,36,62,29,63,59,55,24,48,50,36,58,53,50,62,34,53,56,54,46,34,34,45,50,49,34,44,39,54,58,21,54,37,71,35,63,49,56,65,92,51,38,59,51
51,Melvin Ajinca,,,,,,,,,,,49.83,51,59,19,81,62,11.571,48,57,53,55,59,35,59,35,55,34,61,54,54,21,38,60,59,56,46,55,49,37,63,47,33,53,42,64,19,50,55,54,51,33,53,51,48,31,49,41,21,53,52,57,47,43,51,49,48,37,44,57,41,32,51,74,50,41,60,23,81,67,45,56,60,63,28,49,49,64,48,54,65,48,64,54,42,59,47,35,59,46,51,43,71,45,59,55,59,40,55,27,56,58,53,66,62,46,37,44,61,60,53
52,Ulrich Chomche,,,,,,,,,,,51.91,52,52,7,88,81,12.906,43,82,72,21,48,62,55,52,52,52,53,32,49,52,7,39,63,67,55,62,55,52,66,53,78,83,54,56,32,41,48,69,38,52,31,52,55,53,55,29,31,57,50,45,56,38,52,63,35,71,54,33,44,53,59,59,51,52,38,49,80,58,52,44,55,62,88,55,40,37,60,47,57,50,42,48,53,49,55,46,53,52,52,51,67,52,52,48,27,44,53,63,48,52,46,54,45,63,76,58,57,33,63
53,Reece Beekman,,,,,,,,,,,52.47,53,53,22,100,78,12.040,70,61,63,22,38,66,50,61,49,53,27,28,35,53,71,72,58,59,67,67,56,53,67,54,66,100,47,69,53,61,49,41,50,53,33,53,56,41,56,44,46,54,57,47,38,62,53,76,39,69,67,53,63,41,34,51,52,53,56,55,63,36,53,53,48,48,40,56,58,40,57,48,47,40,61,49,49,50,56,55,54,53,53,55,27,53,54,49,52,50,49,42,31,45,55,62,52,64,72,48,56,22,61
54,Jalen Bridges,,,,,,,,,,,52.67,55,54,22,90,68,9.663,53,52,43,56,60,51,31,58,56,54,30,30,55,54,45,45,32,32,36,52,57,54,59,55,47,54,62,44,56,56,56,42,64,54,54,54,57,55,57,64,60,51,62,58,55,54,54,44,64,59,59,43,48,57,58,32,53,54,57,56,51,63,54,57,49,50,48,57,59,59,43,55,35,65,56,55,57,60,57,47,60,54,54,60,33,54,68,56,60,38,56,57,55,59,22,64,49,44,90,50,44,58,59
55,PJ Hall,,,,,,,,,,,54.76,56,55,27,101,73,11.480,61,45,56,47,66,58,65,60,63,55,67,60,62,55,35,50,48,45,37,49,58,55,43,56,56,41,64,59,64,53,61,40,54,55,60,55,58,57,58,56,48,36,63,60,49,36,55,43,32,47,62,67,49,65,39,43,60,55,65,64,82,28,55,66,50,38,39,58,57,68,56,62,43,64,27,60,64,66,58,63,66,55,55,63,35,55,44,62,66,71,63,58,36,66,49,56,33,55,103,54,64,46,56
56,Trey Alexander,,,,,,,,,,,55.29,57,56,23,97,74,10.765,62,44,44,64,46,67,60,57,57,56,58,61,56,56,42,56,67,43,57,58,59,56,46,57,55,50,63,46,40,55,23,56,46,56,61,56,59,56,59,52,51,31,38,59,60,55,56,67,31,49,50,58,58,58,26,62,61,56,58,57,83,64,56,58,36,51,57,59,62,71,53,56,58,51,47,61,58,55,59,57,25,56,56,62,50,56,97,57,61,72,57,64,73,36,65,63,61,58,67,43,58,41,62
57,Keshad Johnson,,,,,,,,,,,55.47,57,57,27,101,73,10.898,49,51,51,66,62,43,66,50,58,57,62,55,57,57,61,57,52,54,40,64,27,57,55,58,63,35,66,52,66,64,57,45,56,57,55,57,49,61,50,49,63,62,40,62,66,65,57,39,67,45,60,36,38,60,70,101,54,57,53,62,84,68,57,30,61,68,37,50,41,53,44,57,44,49,53,56,65,61,48,64,61,57,57,41,44,57,34,58,62,57,58,66,47,61,47,68,58,52,75,61,36,61,57
58,Pelle Larsson,,,,,,,,,,,56.03,59,58,16,92,76,12.358,45,49,54,60,70,52,16,48,64,58,68,62,63,58,49,37,42,36,61,54,60,58,51,59,53,48,37,40,65,49,62,43,65,58,62,58,60,59,60,47,62,68,37,48,65,48,58,45,26,76,49,68,51,70,61,92,62,58,43,48,67,71,58,67,69,39,53,60,44,35,63,63,64,69,51,62,71,67,60,70,67,58,58,64,29,58,60,63,67,73,64,60,72,70,40,67,36,31,47,38,41,70,60
59,AJ Johnson,,,,,,,,,,,57.51,59,59,31,101,69,12.251,35,32,46,65,63,64,37,53,31,59,59,63,64,59,72,51,34,46,43,61,61,59,44,60,36,86,65,36,57,51,63,73,53,59,63,59,61,62,61,57,64,37,56,50,67,58,59,62,69,31,55,59,47,61,63,58,63,59,47,66,85,65,59,59,62,67,101,61,48,70,66,64,42,59,67,63,59,56,61,65,58,59,59,59,76,59,84,64,34,76,59,53,50,62,36,47,57,37,38,52,66,62,64
60,Juan Nunez,,,,,,,,,,,58.11,62,60,28,101,72,12.709,36,47,47,67,71,47,67,105,65,60,63,64,65,60,74,61,49,61,42,43,62,60,45,61,37,61,50,55,67,59,64,36,33,60,64,60,62,65,62,65,66,34,46,63,53,66,60,70,43,68,51,69,59,71,42,39,64,60,66,65,75,69,60,68,65,32,60,62,66,66,67,65,70,67,40,64,66,62,62,29,62,60,60,40,75,60,36,65,28,43,65,46,44,28,68,51,63,68,60,77,65,71,58
61,Judah Mintz,,,,,,,,,,,58.42,60,61,22,99,77,12.484,81,74,74,36,41,60,56,55,59,61,54,56,58,61,63,66,69,73,60,51,22,61,69,62,60,95,49,71,58,38,58,75,42,61,56,61,50,44,51,42,38,88,43,36,64,64,61,64,68,50,48,60,64,62,56,54,55,61,62,60,86,59,61,60,45,53,66,51,54,72,51,58,53,58,62,57,54,51,49,61,33,61,61,39,73,61,61,59,57,74,31,51,74,60,66,39,54,67,99,53,62,63,67
62,Bronny James,,,,,,,,,,,60.62,63,63,26,79,53,9.446,55,72,55,48,64,55,61,63,66,62,60,65,66,62,73,70,75,65,50,77,63,62,57,63,79,66,34,65,37,48,65,78,66,62,65,62,63,63,63,53,53,66,64,43,52,67,62,60,47,52,47,61,55,63,60,72,65,62,54,67,45,66,62,61,63,69,73,63,52,44,54,66,63,55,66,65,60,57,63,66,26,62,62,56,74,62,51,66,35,75,66,67,75,63,59,69,51,53,49,59,67,64,70
63,Anton Watson,,,,,,,,,,,61.07,63,63,22,101,78,12.356,75,64,61,68,43,68,62,80,67,63,64,66,67,63,59,58,50,76,88,56,64,63,70,64,68,93,67,72,61,81,66,51,67,63,66,63,64,58,64,71,61,42,65,61,46,63,63,53,65,25,69,62,65,38,67,102,66,63,59,58,55,22,63,45,46,64,72,64,63,75,50,67,52,52,69,66,61,63,64,58,63,63,63,53,26,63,55,67,30,37,67,49,59,54,67,65,64,54,50,78,59,40,66
64,Riley Minix,,,,,,,,,,,61.52,64,64,20,101,80,13.168,71,68,75,40,37,69,52,70,50,64,55,20,36,64,66,75,55,74,94,63,65,64,71,65,64,58,59,73,54,69,50,76,68,64,26,64,65,64,65,58,65,76,55,65,39,32,64,48,66,74,70,56,67,56,71,79,56,64,61,59,88,23,64,55,57,66,56,65,65,76,65,49,69,60,70,50,51,52,65,60,55,64,64,66,54,64,91,50,53,77,50,65,68,55,70,55,65,69,104,56,60,42,71
65,Antonio Reeves,,,,,,,,,,,61.98,64,65,26,101,74,11.816,54,40,49,70,65,48,57,65,61,65,37,57,60,65,47,62,70,50,87,70,50,65,54,26,101,71,70,43,59,40,59,59,55,65,57,65,51,67,52,63,68,60,68,68,70,68,65,54,70,58,71,63,68,64,66,49,57,65,64,63,62,60,65,62,47,71,102,52,67,69,68,60,72,68,43,58,55,58,50,62,38,65,65,57,77,65,71,60,64,79,61,68,77,65,71,44,67,45,95,72,63,65,69
66,Enrique Freeman,,,,,,,,,,,62.15,66,66,22,100,78,12.033,57,60,50,45,67,44,68,62,68,66,69,67,68,66,55,52,65,68,56,39,66,66,62,66,65,67,69,48,68,78,67,37,43,66,67,66,66,66,66,88,67,100,47,66,69,56,66,59,72,63,68,41,34,66,62,63,67,66,68,68,87,38,66,69,66,70,58,66,45,74,52,68,37,63,68,67,67,68,66,67,68,66,66,67,22,66,65,68,68,78,68,71,32,67,43,72,43,70,44,49,68,66,65
67,Trentyn Flowers,,,,,,,,,,,63.35,66,67,20,101,80,11.339,56,73,52,69,49,63,69,54,60,67,65,68,59,67,75,67,60,42,38,66,67,67,56,67,61,79,68,51,69,77,68,50,69,67,68,67,67,60,67,80,56,56,66,64,68,50,67,74,20,66,58,64,66,67,52,81,68,67,63,61,77,70,67,36,64,65,74,67,64,73,64,59,61,72,63,68,68,64,67,43,64,67,67,65,72,67,101,33,63,60,60,56,76,64,69,52,66,35,85,67,33,67,72
68,Jaylin Williams,,,,,,,,,,,65.84,68,68,15,101,85,12.423,84,81,78,71,68,42,63,81,69,68,31,69,69,68,62,46,56,77,95,72,68,68,72,68,67,38,71,53,62,82,69,63,70,68,69,68,68,68,68,74,69,48,67,67,58,70,68,65,49,38,72,65,69,68,65,103,69,68,69,69,35,29,68,64,67,43,84,68,69,77,59,69,73,74,71,69,62,69,68,68,69,68,68,68,15,68,57,69,69,59,69,69,78,68,72,70,68,71,45,71,69,68,68
69,Dylan Disu,,,,,,,,,,,67.36,69,69,18,101,82,13.144,74,88,87,72,69,70,64,44,62,69,66,26,61,69,76,65,92,78,73,53,69,69,73,69,82,102,72,74,63,62,60,68,72,69,58,69,69,70,69,59,71,77,70,70,72,71,69,73,71,79,74,66,71,69,73,67,58,69,67,35,34,32,69,65,68,73,103,69,70,38,70,61,74,54,73,59,63,65,69,69,65,69,69,70,18,69,102,61,65,46,62,70,60,69,50,71,69,73,82,80,70,69,73
70,Quinten Post,,,,,,,,,,,70.22,70,70,40,101,60,8.390,60,48,68,73,72,71,72,67,70,70,70,70,70,70,77,71,71,70,70,79,70,70,58,70,72,82,73,75,72,70,70,79,71,70,70,70,70,69,70,89,70,69,69,69,71,69,70,68,73,80,73,72,70,72,75,104,70,70,70,70,90,72,70,72,70,72,59,70,68,80,69,70,68,70,72,70,72,70,70,42,70,70,70,69,40,70,87,70,70,54,70,54,81,71,73,57,70,72,65,69,71,45,86
71,David Jones,,,,,,,,,,,71.26,71,71,27,101,73,11.293,79,83,71,37,78,57,73,83,71,71,71,71,71,71,51,63,82,64,69,81,71,71,74,71,71,103,74,68,73,74,71,81,73,71,71,71,71,72,71,75,47,63,71,71,50,75,71,77,82,78,75,73,73,76,74,27,71,71,80,80,89,73,71,73,79,78,55,71,75,79,78,71,83,75,46,71,73,71,71,79,71,71,71,78,39,71,103,71,71,56,71,75,80,79,74,75,71,74,40,47,80,74,78
72,Jaedon Ledee,,,,,,,,,,,73.03,72,72,23,101,77,11.366,88,86,79,75,73,73,70,82,72,72,72,72,72,72,79,73,77,81,98,68,72,72,75,72,70,105,75,78,70,76,72,62,74,72,72,72,72,71,72,87,72,87,72,72,73,72,72,81,40,82,76,70,72,73,77,106,72,72,71,71,38,39,72,70,71,74,46,72,71,81,71,72,84,61,74,72,69,72,72,71,72,72,72,71,23,72,79,72,72,53,72,72,82,72,75,73,73,75,108,73,72,72,85
73,Malevy Leons,,,,,,,,,,,74.17,73,73,39,101,61,9.544,94,84,93,78,50,77,74,91,73,73,73,73,73,73,64,64,73,79,96,82,73,73,79,73,83,49,77,77,74,68,73,82,76,73,73,73,73,73,73,81,73,84,74,74,74,51,73,56,74,57,80,74,74,77,54,73,73,73,72,72,39,74,73,74,72,75,104,73,72,49,72,73,75,77,78,73,74,73,73,72,73,73,73,72,78,73,105,73,73,83,73,76,85,73,78,76,77,78,71,74,73,75,84
74,Ariel Hukporti,,,,,,,,,,,74.98,74,74,48,101,52,10.161,63,59,58,74,79,72,75,68,74,74,74,74,74,74,52,76,54,71,93,78,74,74,65,74,57,101,57,67,75,83,74,66,58,74,74,74,74,89,74,84,89,67,79,79,79,89,74,78,83,77,65,75,57,78,72,105,74,74,81,81,56,75,74,75,80,89,75,74,89,78,89,74,56,73,60,74,75,74,74,80,74,74,74,89,87,74,63,74,74,48,74,89,79,80,77,88,72,77,105,79,81,76,81
75,Mantas Rubstavicius,,,,,,,,,,,75.65,75,75,46,101,54,8.959,64,66,60,76,80,74,76,56,75,75,75,75,75,75,78,77,80,72,97,59,75,75,76,75,86,46,58,76,76,84,75,80,77,75,75,75,75,74,75,69,74,101,75,75,75,76,75,79,55,81,66,76,75,79,76,82,75,75,82,82,91,76,75,76,81,59,77,75,76,57,73,75,86,78,54,75,76,75,75,81,75,75,75,73,79,75,106,75,75,80,75,77,65,81,79,77,74,79,107,81,82,77,83
76,Isaac Jones,,,,,,,,,,,76.94,76,76,48,101,52,8.533,59,69,67,79,81,78,77,64,76,76,76,76,76,76,84,74,61,82,65,83,76,76,80,76,76,104,78,80,77,71,76,77,78,76,76,76,76,75,76,66,75,72,76,76,76,73,76,71,84,60,81,77,76,80,83,80,76,76,83,83,92,77,76,77,82,76,105,76,73,56,74,76,76,66,79,76,77,76,76,82,76,76,76,74,48,76,104,76,76,84,76,73,86,82,80,60,78,80,106,83,83,78,87
77,Drew Pember,,,,,,,,,,,77.39,77,77,31,101,69,10.375,100,101,85,77,74,75,71,78,77,77,77,77,77,77,80,80,87,83,102,85,77,77,77,77,73,68,76,79,71,85,77,84,75,77,77,77,77,76,77,97,76,102,73,73,59,74,77,72,75,83,78,71,77,74,78,75,77,77,73,73,72,31,77,71,73,77,109,77,74,82,75,77,89,80,76,77,70,77,77,73,77,77,77,75,36,77,111,77,77,81,77,74,64,74,76,74,75,76,64,84,74,73,96
78,Zyon Pullin,,,,,,,,,,,78.61,78,78,48,101,52,9.577,82,62,70,80,82,79,78,99,78,78,78,78,78,78,67,78,100,80,90,74,78,78,52,78,80,63,48,63,78,67,78,83,81,78,78,78,78,79,78,67,79,70,80,80,80,77,78,80,76,72,77,78,80,81,79,107,78,78,74,74,93,78,78,78,83,79,106,78,77,63,79,78,71,79,75,78,78,78,78,83,78,78,78,79,80,78,107,78,78,85,78,78,83,83,83,78,79,83,109,82,48,79,95
79,Blake Hinson,,,,,,,,,,,80.42,79,79,42,101,58,9.325,73,71,65,85,75,85,79,70,79,79,79,79,79,79,85,79,85,69,99,84,79,79,86,79,77,89,84,85,79,80,79,71,82,79,79,79,79,80,79,101,80,91,81,81,81,78,79,82,77,90,86,79,81,47,68,108,79,79,75,75,94,79,79,79,74,80,107,79,78,87,80,79,87,71,85,79,79,79,79,74,79,79,79,80,81,79,108,79,79,91,79,79,90,75,86,79,85,84,42,62,75,80,105
80,Eric Gaines,,,,,,,,,,,81.20,80,80,34,101,66,10.272,93,90,97,81,83,80,80,88,80,80,80,80,80,80,87,88,101,91,53,86,80,80,81,80,91,108,79,86,80,65,80,67,79,80,80,80,80,77,80,76,77,80,77,77,77,79,80,89,78,91,82,80,78,82,85,90,80,80,76,76,54,80,80,80,75,34,110,80,79,89,76,80,91,88,81,80,80,80,80,75,80,80,80,76,82,80,85,80,80,86,80,80,88,47,81,80,80,81,113,91,76,81,104
81,Emanuel Miller,,,,,,,,,,,82.81,81,81,48,101,52,8.909,80,80,80,83,84,83,81,76,81,81,81,81,81,81,69,68,74,85,100,76,81,81,84,81,59,74,82,81,81,87,81,85,91,81,81,81,81,90,81,83,90,81,90,90,90,90,81,83,85,84,85,81,90,83,55,109,81,81,84,84,48,81,81,81,84,90,92,81,90,83,90,81,66,81,84,81,81,81,81,84,81,81,81,90,88,81,109,81,81,89,81,90,89,84,84,89,83,56,111,85,84,82,100
82,Tristan Enaruna,,,,,,,,,,,83.68,83,82,36,101,64,9.675,98,99,101,84,85,84,82,89,82,82,82,82,82,82,86,83,72,86,103,87,82,82,85,82,74,47,83,70,82,89,82,74,92,82,82,82,82,91,82,61,91,85,91,91,91,91,82,84,86,85,64,82,91,84,84,36,82,82,85,85,96,82,82,82,85,91,71,82,91,88,91,82,67,82,80,82,82,82,82,85,82,82,82,91,89,82,92,82,82,90,82,91,87,85,85,90,84,60,112,86,85,83,101
83,Ajare Sanni,,,,,,,,,,,84.55,83,83,38,101,62,13.038,108,109,102,82,86,81,83,90,83,83,83,83,83,83,81,85,108,88,105,89,83,83,82,83,104,112,80,82,83,92,83,87,83,83,83,83,83,81,83,106,81,105,82,82,82,80,83,86,87,86,83,83,82,85,80,112,83,83,86,86,46,83,83,83,86,81,116,83,80,84,81,83,93,84,82,83,83,83,83,86,83,83,83,81,90,83,38,83,83,87,83,41,61,86,38,91,81,85,121,87,86,84,54
84,Armando Bacot,,,,,,,,,,,85.14,84,84,52,101,48,10.106,102,105,103,52,87,76,84,103,84,84,84,84,84,84,82,86,103,89,92,91,84,84,78,84,89,111,81,83,84,94,84,90,80,84,84,84,84,78,84,104,78,104,78,78,78,81,84,87,88,87,79,84,79,86,81,88,84,84,87,87,98,84,84,84,87,57,114,84,81,85,77,84,96,85,77,84,84,84,84,87,84,84,84,77,52,84,56,84,84,82,84,81,84,87,82,81,76,82,119,88,87,85,93
85,Kevin Cross,,,,,,,,,,,86.81,85,85,46,101,54,10.374,105,107,104,88,76,89,85,96,85,85,85,85,85,85,88,93,105,95,109,95,85,85,90,85,106,52,87,88,85,97,85,93,85,85,85,85,85,83,85,105,83,61,84,84,84,83,85,92,79,93,91,85,84,46,86,119,85,85,77,77,101,85,85,85,76,83,95,85,83,91,83,85,100,92,90,85,85,85,85,76,85,85,85,83,84,85,117,85,85,95,85,83,62,76,89,83,89,87,83,94,77,86,79
86,Boogie Ellis,,,,,,,,,,,87.24,86,86,43,101,57,9.254,78,77,86,95,88,102,86,94,86,86,86,86,86,86,89,81,94,58,68,75,86,86,60,86,81,106,95,89,86,88,86,86,93,86,86,86,86,92,86,92,92,89,92,92,92,92,86,85,89,43,87,86,92,87,87,93,86,86,88,88,78,86,86,86,88,92,108,86,92,92,92,86,81,83,86,86,86,86,86,88,86,86,86,92,91,86,76,86,86,102,86,92,91,88,96,92,96,94,110,60,88,87,114
87,Yongxi Cui,,,,,,,,,,,87.99,87,87,57,101,43,8.473,101,103,105,87,89,87,87,110,87,87,87,87,87,87,90,91,89,93,106,90,87,87,88,87,103,96,86,91,87,93,87,89,84,87,87,87,87,82,87,73,82,74,83,83,83,82,87,91,57,65,89,87,83,88,89,66,87,87,89,89,71,87,87,87,89,82,113,87,82,93,82,87,94,91,88,87,87,87,87,89,87,87,87,82,83,87,86,87,87,93,87,82,93,89,88,82,87,86,118,93,89,88,112
88,Spencer Jones,,,,,,,,,,,88.43,88,88,30,101,70,10.451,72,78,100,86,90,86,88,84,88,88,88,88,88,88,60,89,76,92,104,69,88,88,87,88,85,99,85,87,88,91,88,70,94,88,88,88,88,93,88,102,93,103,93,93,93,93,88,90,90,92,88,88,93,89,88,111,88,88,90,90,43,88,88,88,90,93,112,88,93,90,93,88,92,90,87,88,88,88,88,90,88,88,88,93,92,88,74,88,88,92,88,93,92,90,87,93,86,30,116,92,90,89,102
89,Armel Traore,,,,,,,,,,,88.92,89,89,51,101,49,10.958,65,76,66,96,91,103,89,69,89,89,89,89,89,89,108,82,51,84,101,80,89,89,103,89,95,107,96,66,89,86,89,61,95,89,89,89,89,94,89,86,94,78,94,94,94,94,89,52,91,89,104,89,94,90,107,71,89,89,91,91,95,89,89,89,91,94,76,89,94,67,94,89,88,87,104,89,89,89,89,91,89,89,89,94,93,89,110,89,89,103,89,94,108,91,97,94,97,95,52,90,91,90,97
90,Marcus Domask,,,,,,,,,,,89.97,90,90,47,101,53,10.035,83,93,95,90,77,90,90,97,90,90,90,90,90,90,93,95,104,97,108,73,90,90,91,90,105,88,90,94,90,100,90,97,87,90,90,90,90,85,90,100,85,106,86,86,86,85,90,95,80,97,92,90,86,75,92,83,90,90,78,78,103,90,90,90,77,85,93,90,85,96,85,90,99,96,92,90,90,90,90,77,90,90,90,85,85,90,62,90,90,96,90,85,96,77,92,84,90,90,123,98,78,47,139
91,Cameron Matthews,,,,,,,,,,,90.94,91,91,32,101,68,14.169,122,120,106,50,92,82,91,85,91,91,91,91,91,91,83,87,123,90,107,92,91,91,83,91,112,118,89,84,91,95,91,91,86,91,91,91,91,84,91,120,84,108,85,85,85,84,91,88,92,88,84,91,85,91,82,114,91,91,92,92,99,91,91,91,92,84,128,91,84,86,84,91,98,86,83,91,91,91,91,92,91,91,91,84,94,91,116,91,91,88,91,84,40,92,91,32,82,89,130,89,92,91,50
92,Jesse Edwards,,,,,,,,,,,92.04,92,92,54,101,46,9.911,69,70,77,97,93,104,92,71,92,92,92,92,92,92,109,84,91,87,78,71,92,92,104,92,75,109,97,90,92,90,92,64,96,92,92,92,92,95,92,90,95,90,95,95,95,95,92,75,93,94,105,92,95,92,108,110,92,92,93,93,97,92,92,92,93,95,70,92,95,54,95,92,90,89,105,92,92,92,92,93,92,92,92,95,95,92,112,92,92,104,92,95,109,93,98,95,98,96,115,68,93,92,108
93,Quinn Ellis,,,,,,,,,,,93.16,93,93,47,101,53,8.061,76,87,107,89,94,88,93,77,93,93,93,93,93,93,91,94,95,96,76,93,93,93,89,93,97,110,88,92,93,72,93,96,47,93,93,93,93,96,93,103,96,95,96,96,96,96,93,94,94,95,90,93,96,93,90,78,93,93,94,94,102,93,93,93,94,96,89,93,96,94,96,93,95,94,89,93,93,93,93,94,93,93,93,96,96,93,114,93,93,94,93,96,94,94,90,96,88,88,117,96,94,93,123
94,Babacar Sane,,,,,,,,,,,94.39,94,94,55,101,45,9.731,89,102,92,98,95,105,94,72,94,94,94,94,94,94,110,90,102,66,71,88,94,94,105,94,102,55,98,111,94,75,94,88,97,94,94,94,94,97,94,82,97,75,97,97,97,97,94,93,95,70,106,94,97,94,109,84,94,94,95,95,66,94,94,94,95,97,111,94,97,112,97,94,77,93,106,94,94,94,94,95,94,94,94,97,97,94,113,94,94,105,94,97,110,95,99,97,99,97,114,95,95,94,106
95,Nae'Qwan Tomlin,,,,,,,,,,,95.25,95,95,62,101,38,8.944,77,104,83,99,96,106,95,73,95,95,95,95,95,95,92,92,97,94,72,94,95,95,106,95,69,113,99,93,95,96,95,92,98,95,95,95,95,98,95,62,98,93,98,98,98,98,95,66,96,96,63,95,98,95,91,113,95,95,96,96,100,95,95,95,96,98,115,95,98,95,98,95,97,95,91,95,95,95,95,96,95,95,95,98,98,95,115,95,95,106,95,98,95,96,100,98,100,98,120,97,96,95,109
96,Isaiah Stevens,,,,,,,,,,,96.75,96,96,59,101,41,8.059,86,67,82,100,97,91,96,109,96,96,96,96,96,96,94,96,79,98,110,99,96,96,92,96,84,114,100,95,96,101,96,98,99,96,96,96,96,99,96,96,99,59,99,99,99,99,96,96,97,98,93,96,99,96,93,94,96,96,97,97,104,96,96,96,97,99,119,96,99,97,99,96,80,97,93,96,96,96,96,97,96,96,96,99,99,96,118,96,96,97,96,99,97,97,101,99,91,99,122,99,97,96,122
97,Jamison Battle,,,,,,,,,,,97.71,97,97,52,101,48,14.283,87,96,89,92,52,97,97,141,97,97,97,97,97,97,103,109,84,110,125,113,97,97,98,97,99,131,92,105,97,113,97,111,88,97,97,97,97,86,97,114,86,99,87,87,87,86,97,108,81,108,99,97,87,97,102,135,97,97,79,79,115,97,97,97,78,86,123,97,86,107,86,97,116,109,99,97,97,97,97,78,97,97,97,86,86,97,131,97,97,99,97,86,103,78,93,85,93,91,74,110,79,97,159
98,Daniss Jenkins,,,,,,,,,,,98.53,98,98,47,101,53,9.349,103,106,108,101,98,92,98,100,98,98,98,98,98,98,95,97,90,99,116,100,98,98,93,98,109,116,101,96,98,102,98,99,100,98,98,98,98,100,98,78,100,97,100,100,100,100,98,97,98,99,94,98,100,98,94,89,98,98,98,98,105,98,98,98,98,100,80,98,100,98,100,98,104,98,94,98,98,98,98,98,98,98,98,100,100,98,126,98,98,47,98,100,98,98,102,100,101,100,70,100,98,98,149
99,Casey Morsell,,,,,,,,,,,99.43,99,99,39,101,61,13.695,123,121,109,91,99,94,99,92,99,99,99,99,99,99,97,101,124,103,113,96,99,99,95,99,122,130,91,98,99,98,99,94,101,99,99,99,99,101,99,121,101,119,101,101,101,101,99,101,99,101,96,99,101,99,96,125,99,99,99,99,42,99,99,99,99,101,129,99,101,100,101,99,102,102,96,99,99,99,99,99,99,99,99,101,101,99,123,99,99,98,99,101,100,99,51,101,92,101,39,103,99,99,44
100,Jaelen House,,,,,,,,,,,101.01,100,100,61,101,39,9.035,111,111,110,102,100,93,100,121,100,100,100,100,100,100,96,100,112,102,83,103,100,100,94,100,108,87,102,97,100,105,100,102,102,100,100,100,100,102,100,108,102,107,102,102,102,102,100,100,100,100,95,100,102,100,95,98,100,100,100,100,108,100,100,100,100,102,118,100,102,99,102,100,107,101,95,100,100,100,100,100,100,100,100,102,102,100,121,100,100,61,100,102,99,100,103,102,102,102,62,102,100,100,152
101,LJ Cryer,,,,,,,,,,,101.82,101,101,32,101,68,16.540,130,129,111,93,101,98,101,87,101,101,101,101,101,101,104,110,132,111,127,115,101,101,99,101,139,143,93,106,101,115,101,113,89,101,101,101,101,87,101,128,87,134,88,88,88,87,101,109,101,109,100,101,88,101,103,140,101,101,101,101,116,101,101,101,101,87,134,101,87,108,87,101,119,110,100,101,101,101,101,101,101,101,101,87,32,101,133,101,101,100,101,87,104,101,94,86,94,92,59,111,101,101,33
102,Branden Carlson,,,,,,,,,,,102.46,102,102,65,101,35,9.214,91,85,84,103,102,107,102,128,102,102,102,102,102,102,111,98,78,100,111,101,102,102,107,102,88,78,103,112,102,103,102,100,103,102,102,102,102,103,102,85,103,96,103,103,103,103,102,98,102,114,107,102,103,102,110,120,102,102,102,102,106,102,102,102,102,103,117,102,103,113,103,102,78,99,107,102,102,102,102,102,102,102,102,103,103,102,119,102,102,107,102,103,111,102,104,103,103,103,124,65,102,102,140
103,Jamarion Sharp,,,,,,,,,,,103.39,103,103,64,101,36,8.414,118,116,112,104,103,109,103,125,103,103,103,103,103,103,98,102,117,104,112,97,103,103,109,103,114,120,104,99,103,99,103,95,104,103,103,103,103,104,103,116,104,110,104,104,104,104,103,102,103,102,109,103,104,103,97,115,103,103,103,103,64,103,103,103,103,104,125,103,104,101,104,103,101,103,109,103,103,103,103,103,103,103,103,104,104,103,72,103,103,109,103,104,66,103,105,104,105,104,87,104,103,103,88
104,Taran Armstrong,,,,,,,,,,,103.95,104,104,63,101,37,9.010,104,75,76,105,104,108,104,124,104,104,104,104,104,104,112,99,107,101,63,102,104,104,108,104,96,117,105,113,104,104,104,101,105,104,104,104,104,105,104,94,105,83,105,105,105,105,104,99,104,64,108,104,105,104,111,122,104,104,104,104,107,104,104,104,104,105,99,104,105,114,105,104,106,100,108,104,104,104,104,104,104,104,104,105,105,104,120,104,104,108,104,105,112,104,106,105,104,105,125,101,104,104,128
105,Boo Buie,,,,,,,,,,,105.07,105,105,54,101,46,9.388,116,114,113,106,105,111,105,107,105,105,105,105,105,105,54,103,115,105,119,104,105,105,111,105,111,59,106,100,105,106,105,103,106,105,105,105,105,106,105,112,106,117,106,106,106,106,105,103,105,103,111,105,106,105,112,68,105,105,105,105,109,105,105,105,105,106,122,105,106,102,106,105,108,104,111,105,105,105,105,105,105,105,105,106,106,105,128,105,105,111,105,106,113,105,107,106,108,106,98,105,105,105,76
106,Josh Oduro,,,,,,,,,,,105.51,106,106,43,101,57,14.118,132,131,114,94,106,99,106,95,106,106,106,106,106,106,105,111,135,112,130,117,106,106,100,106,128,84,94,107,106,117,106,115,90,106,106,106,106,88,106,131,88,135,89,89,89,88,106,110,106,110,101,106,89,106,104,142,106,106,106,106,117,106,106,106,106,88,138,106,88,109,88,106,121,111,101,106,106,106,106,106,106,106,106,88,43,106,136,106,106,101,106,88,105,106,95,87,95,93,139,112,106,106,80
107,Daniel Onwenu,,,,,,,,,,,106.39,107,107,54,101,46,8.437,117,115,115,107,107,110,107,108,107,107,107,107,107,107,99,104,116,106,120,105,107,107,110,107,113,119,107,101,107,107,107,104,107,107,107,107,107,107,107,115,107,109,107,107,107,107,107,104,107,104,110,107,107,107,98,70,107,107,107,107,110,107,107,107,107,107,124,107,107,103,107,107,109,105,110,107,107,107,107,107,107,107,107,107,107,107,96,107,107,110,107,107,67,107,108,107,106,107,54,106,107,107,116
108,Quincy Olivari,,,,,,,,,,,107.31,108,108,58,101,42,9.231,112,112,116,108,108,95,108,119,108,108,108,108,108,108,100,105,93,107,124,110,108,108,96,108,121,129,108,102,108,110,108,107,108,108,108,108,108,108,108,113,108,86,108,108,108,108,108,105,108,105,97,108,108,108,99,134,108,108,108,108,111,108,108,108,108,108,67,108,108,104,108,108,115,106,97,108,108,108,108,108,108,108,108,108,108,108,130,108,108,58,108,108,101,108,109,108,107,108,94,107,108,108,130
109,Jahmir Young,,,,,,,,,,,108.30,109,109,29,101,71,12.286,124,122,117,109,109,96,109,86,109,109,109,109,109,109,102,108,125,109,126,112,109,109,97,109,123,75,109,104,109,112,109,110,109,109,109,109,109,109,109,123,109,130,109,109,109,109,109,107,109,107,98,109,109,109,101,136,109,109,109,109,114,109,109,109,109,109,61,109,109,106,109,109,118,108,98,109,109,109,109,109,109,109,109,109,109,109,132,109,109,29,109,109,102,109,110,109,109,109,135,109,109,109,89
110,DeMarcus Sharp,,,,,,,,,,,109.37,110,110,58,101,42,9.748,125,123,118,110,110,112,110,113,110,110,110,110,110,110,101,107,126,108,114,98,110,110,112,110,118,125,110,103,110,58,110,109,110,110,110,110,110,110,110,124,110,114,110,110,110,110,110,106,110,106,112,110,110,110,100,118,110,110,110,110,113,110,110,110,110,110,131,110,110,105,110,110,103,107,112,110,110,110,110,110,110,110,110,110,110,110,75,110,110,112,110,110,63,110,111,110,110,110,133,108,110,110,82
111,Yannick Kraag,,,,,,,,,,,110.09,111,111,56,101,44,10.026,96,79,81,111,111,113,111,75,111,111,111,111,111,111,113,119,96,119,117,127,111,111,113,111,110,56,111,114,111,127,111,125,111,111,111,111,111,111,111,109,111,115,111,111,111,111,111,117,111,115,113,111,111,111,113,121,111,111,111,111,125,111,111,111,111,111,120,111,111,115,111,111,105,118,113,111,111,111,111,111,111,111,111,111,111,111,77,111,111,113,111,111,114,111,112,111,111,111,81,117,111,111,120
112,Tre Mitchell,,,,,,,,,,,111.83,112,112,57,101,43,10.171,85,108,119,112,112,114,112,111,112,112,112,112,112,112,114,120,106,120,118,128,112,112,114,112,93,57,112,115,112,128,112,126,112,112,112,112,112,112,112,95,112,129,112,112,112,112,112,118,112,116,114,112,112,112,114,131,112,112,112,112,126,112,112,112,112,112,91,112,112,116,112,112,79,119,114,112,112,112,112,112,112,112,112,112,112,112,127,112,112,114,112,112,115,112,113,112,112,112,68,118,112,112,133
113,Max Abmas,,,,,,,,,,,112.50,113,113,52,101,48,8.764,119,117,120,113,113,115,113,104,113,113,113,113,113,113,115,121,120,121,89,107,113,113,115,113,117,123,113,116,113,108,113,105,113,113,113,113,113,113,113,118,113,112,113,113,113,113,113,119,113,117,115,113,113,113,115,116,113,113,113,113,52,113,113,113,113,113,126,113,113,117,113,113,113,120,115,113,113,113,113,113,113,113,113,113,113,113,95,113,113,115,113,113,116,113,114,113,113,113,66,119,113,113,118
114,Bryson Warren,,,,,,,,,,,113.50,114,114,75,101,25,8.327,114,92,99,114,114,116,114,142,114,114,114,114,114,114,116,106,119,75,123,111,114,114,116,114,116,122,114,117,114,111,114,108,114,114,114,114,114,114,114,117,114,111,114,114,114,114,114,120,114,118,116,114,114,114,116,87,114,114,114,114,112,114,114,114,114,114,83,114,114,118,114,114,114,121,116,114,114,114,114,114,114,114,114,114,114,114,80,114,114,116,114,114,117,114,115,114,114,114,132,120,114,114,134
115,Josiah Jordan-James,,,,,,,,,,,114.40,115,115,60,101,40,9.319,92,98,121,115,115,117,115,116,115,115,115,115,115,115,117,122,88,122,122,109,115,115,117,115,115,121,115,118,115,109,115,106,115,115,115,115,115,115,115,122,115,98,115,115,115,115,115,121,115,119,117,115,115,115,117,124,115,115,115,115,60,115,115,115,115,115,130,115,115,119,115,115,112,122,117,115,115,115,115,115,115,115,115,115,115,115,66,115,115,117,115,115,118,115,116,115,115,115,131,121,115,115,136
116,Allen Flanigan,,,,,,,,,,,115.06,116,116,62,101,38,9.466,107,94,96,116,116,118,116,122,116,116,116,116,116,116,118,123,110,123,77,106,116,116,118,116,98,128,116,119,116,79,116,127,116,116,116,116,116,116,116,91,116,118,116,116,116,116,116,122,116,120,118,116,116,116,118,123,116,116,116,116,127,116,116,116,116,116,62,116,116,120,116,116,110,123,118,116,116,116,116,116,116,116,116,116,116,116,122,116,116,118,116,116,119,116,117,116,116,116,129,122,116,116,135
117,Keion Brooks,,,,,,,,,,,115.70,117,117,42,101,58,11.577,109,91,88,117,117,119,117,93,117,117,117,117,117,117,119,124,113,124,139,129,117,117,119,117,119,126,117,120,117,129,117,128,117,117,117,117,117,117,117,110,117,116,117,117,117,117,117,123,117,121,119,117,117,117,119,42,117,117,117,117,128,117,117,117,117,117,87,117,117,121,117,117,132,124,119,117,117,117,117,117,117,117,117,117,117,117,83,117,117,119,117,117,120,117,118,117,117,117,69,123,117,117,113
118,Mark Armstrong,,,,,,,,,,,117.09,118,118,69,101,31,9.808,106,100,122,118,118,120,118,134,118,118,118,118,118,118,120,125,109,125,79,130,118,118,120,118,107,115,118,121,118,130,118,129,118,118,118,118,118,118,118,107,118,79,118,118,118,118,118,124,118,122,120,118,118,118,120,69,118,118,118,118,129,118,118,118,118,118,90,118,118,122,118,118,131,125,120,118,118,118,118,118,118,118,118,118,118,118,81,118,118,120,118,118,121,118,119,118,118,118,126,124,118,118,131
119,RayJ Dennis,,,,,,,,,,,117.85,119,119,66,101,34,9.969,110,110,123,119,119,121,119,130,119,119,119,119,119,119,121,126,111,126,121,108,119,119,121,119,120,127,119,122,119,66,119,130,119,119,119,119,119,119,119,79,119,71,119,119,119,119,119,125,119,123,121,119,119,119,121,132,119,119,119,119,130,119,119,119,119,119,96,119,119,123,119,119,111,126,121,119,119,119,119,119,119,119,119,119,119,119,129,119,119,121,119,119,122,119,120,119,119,119,79,125,119,119,117
120,Vonterius Woolbright,,,,,,,,,,,118.87,120,120,51,101,49,11.901,115,113,124,120,120,122,120,101,120,120,120,120,120,120,122,127,114,127,140,131,120,120,122,120,92,51,120,123,120,131,120,131,120,120,120,120,120,120,120,111,120,73,120,120,120,120,120,126,120,124,122,120,120,120,122,133,120,120,120,120,131,120,120,120,120,120,121,120,120,124,120,120,133,127,122,120,120,120,120,120,120,120,120,120,120,120,58,120,120,122,120,120,123,120,121,120,121,120,127,126,120,120,91
121,Shahada Wells,,,,,,,,,,,119.94,121,121,45,101,55,11.979,134,133,125,121,121,100,121,98,121,121,121,121,121,121,106,114,137,114,132,120,121,121,101,121,87,147,121,109,121,120,121,118,121,121,121,121,121,121,121,133,121,139,121,121,121,121,121,112,121,112,102,121,121,121,105,146,121,121,121,121,120,121,121,121,121,121,140,121,121,110,121,121,124,113,102,121,121,121,121,121,121,121,121,121,121,121,139,121,121,45,121,121,106,121,122,121,120,121,140,114,121,121,150
122,Gustav Knudsen,,,,,,,,,,,121.03,122,122,51,101,49,10.103,135,134,126,122,122,123,122,102,122,122,122,122,122,122,123,112,138,113,131,118,122,122,123,122,129,135,122,108,122,118,122,116,122,122,122,122,122,122,122,134,122,122,122,122,122,122,122,111,122,111,123,122,122,122,123,86,122,122,122,122,118,122,122,122,122,122,141,122,122,51,122,122,122,112,123,122,122,122,122,122,122,122,122,122,122,122,137,122,122,123,122,122,124,122,123,122,122,122,141,113,122,122,92
123,Tyler Burton,,,,,,,,,,,122.12,123,123,74,101,26,8.517,120,118,127,123,123,124,123,79,123,123,123,123,123,123,124,128,121,128,74,132,123,123,124,123,100,124,123,124,123,132,123,132,123,123,123,123,123,123,123,119,123,113,123,123,123,123,123,127,123,125,124,123,123,123,124,117,123,123,123,123,132,123,123,123,123,123,127,123,123,125,123,123,117,128,124,123,123,123,123,123,123,123,123,123,123,123,82,123,123,124,123,123,125,123,124,123,123,123,128,127,123,123,137
124,Olivier Nkamhoua,,,,,,,,,,,122.78,124,124,69,101,31,9.202,97,124,90,124,124,125,124,135,124,124,124,124,124,124,125,129,127,129,115,114,124,124,125,124,94,132,124,125,124,114,124,112,124,124,124,124,124,124,124,125,124,120,124,124,124,124,124,128,124,126,125,124,124,124,125,126,124,124,124,124,69,124,124,124,124,124,132,124,124,126,124,124,85,129,125,124,124,124,124,124,124,124,124,124,124,124,124,124,124,125,124,124,126,124,125,124,124,124,134,128,124,124,147
125,Tyrece Radford,,,,,,,,,,,123.95,125,125,61,101,39,10.606,131,130,128,125,125,126,125,120,125,125,125,125,125,125,126,130,133,130,128,116,125,125,126,125,127,134,125,126,125,116,125,114,125,125,125,125,125,125,125,129,125,121,125,125,125,125,125,129,125,127,126,125,125,125,126,61,125,125,125,125,61,125,125,125,125,125,136,125,125,127,125,125,120,130,126,125,125,125,125,125,125,125,125,125,125,125,134,125,125,126,125,125,127,125,126,125,125,125,138,129,125,125,77
126,Jahvon Quinerly,,,,,,,,,,,125.40,126,126,62,101,38,9.154,137,136,129,126,126,127,126,123,126,126,126,126,126,126,127,113,140,62,81,119,126,126,127,126,131,136,126,127,126,119,126,117,126,126,126,126,126,126,126,136,126,123,126,126,126,126,126,130,126,128,127,126,126,126,127,127,126,126,126,126,119,126,126,126,126,126,143,126,126,128,126,126,123,131,127,126,126,126,126,126,126,126,126,126,126,126,125,126,126,127,126,126,128,126,127,126,127,126,143,130,126,126,99
127,Tyson Walker,,,,,,,,,,,126.54,127,127,51,101,49,14.255,153,154,130,127,127,101,127,106,127,127,127,127,127,127,107,116,154,116,136,124,127,127,102,127,149,152,127,110,127,124,127,122,127,127,127,127,127,127,127,153,127,146,127,127,127,127,127,114,127,113,103,127,127,127,106,150,127,127,127,127,122,127,127,127,127,127,155,127,127,111,127,127,128,115,103,127,127,127,127,127,127,127,127,127,127,127,142,127,127,51,127,127,107,127,128,127,126,127,156,116,127,127,178
128,Sean East,,,,,,,,,,,127.42,128,128,76,101,24,8.507,121,119,131,128,128,128,128,143,128,128,128,128,128,128,128,131,122,131,141,133,128,128,128,128,124,76,128,128,128,133,128,133,128,128,128,128,128,128,128,99,128,131,128,128,128,128,128,131,128,129,128,128,128,128,128,137,128,128,128,128,133,128,128,128,128,128,133,128,128,129,128,128,134,132,128,128,128,128,128,128,128,128,128,128,128,128,93,128,128,128,128,128,129,128,129,128,128,128,93,131,128,128,151
129,Aaron Estrada,,,,,,,,,,,127.84,129,129,69,101,31,12.620,113,89,94,129,129,129,129,136,129,129,129,129,129,129,129,132,118,132,142,134,129,129,129,129,90,165,129,129,129,134,129,134,129,129,129,129,129,129,129,77,129,158,129,129,129,129,129,132,129,130,129,129,129,129,129,157,129,129,129,129,134,129,129,129,129,129,69,129,129,130,129,129,135,133,129,129,129,129,129,129,129,129,129,129,129,129,149,129,129,129,129,129,130,129,130,129,129,129,89,132,129,129,124
130,Tyrese Samuel,,,,,,,,,,,128.94,130,130,64,101,36,9.881,126,125,132,130,130,130,130,126,130,130,130,130,130,130,130,133,128,133,143,135,130,130,130,130,138,142,130,130,130,135,130,135,130,130,130,130,130,130,130,126,130,132,130,130,130,130,130,133,130,131,130,130,130,130,130,138,130,130,130,130,135,130,130,130,130,130,86,130,130,131,130,130,136,134,130,130,130,130,130,130,130,130,130,130,130,130,64,130,130,130,130,130,131,130,131,130,130,130,78,133,130,130,111
131,Martez Brown,,,,,,,,,,,130.21,131,131,73,101,27,8.919,148,147,133,131,131,131,131,139,131,131,131,131,131,131,131,115,149,115,134,122,131,131,131,131,135,140,131,131,131,122,131,120,131,131,131,131,131,131,131,145,131,127,131,131,131,131,131,113,131,73,131,131,131,131,131,130,131,131,131,131,121,131,131,131,131,131,148,131,131,132,131,131,126,114,131,131,131,131,131,131,131,131,131,131,131,131,99,131,131,131,131,131,132,131,132,131,131,131,147,115,131,131,145
132,Trey Calvin,,,,,,,,,,,130.80,132,132,67,101,33,9.144,127,126,134,132,132,132,132,132,132,132,132,132,132,132,132,134,129,134,144,136,132,132,132,132,125,80,132,132,132,136,132,136,132,132,132,132,132,132,132,127,132,133,132,132,132,132,132,134,132,132,132,132,132,132,132,139,132,132,132,132,136,132,132,132,132,132,97,132,132,133,132,132,137,135,132,132,132,132,132,132,132,132,132,132,132,132,67,132,132,132,132,132,133,132,133,132,132,132,136,134,132,132,125
133,Joel Soriano,,,,,,,,,,,132.16,133,133,82,101,18,8.583,128,128,135,133,133,133,133,152,133,133,133,133,133,133,133,135,131,135,129,137,133,133,133,133,126,133,133,133,133,137,133,137,133,133,133,133,133,133,133,93,133,82,133,133,133,133,133,135,133,133,133,133,133,133,133,141,133,133,133,133,137,133,133,133,133,133,135,133,133,134,133,133,82,136,133,133,133,133,133,133,133,133,133,133,133,133,135,133,133,133,133,133,134,133,134,133,133,133,137,135,133,133,144
134,London Johnson,,,,,,,,,,,133.12,134,134,76,101,24,8.194,141,140,136,134,134,134,134,144,134,134,134,134,134,134,134,136,144,136,133,121,134,134,134,134,134,139,134,134,134,121,134,119,134,134,134,134,134,134,134,140,134,126,134,134,134,134,134,136,134,134,134,134,134,134,134,129,134,134,134,134,76,134,134,134,134,134,146,134,134,135,134,134,125,137,134,134,134,134,134,134,134,134,134,134,134,134,88,134,134,134,134,134,135,134,135,134,134,134,146,136,134,134,127
135,DJ Burns Jr.,,,,,,,,,,,133.41,135,135,59,101,41,10.228,138,137,98,135,135,135,135,115,135,135,135,135,135,135,135,137,141,137,59,138,135,135,135,135,132,137,135,135,135,138,135,138,135,135,135,135,135,135,135,137,135,124,135,135,135,135,135,137,135,135,135,135,135,135,135,128,135,135,135,135,138,135,135,135,135,135,144,135,135,136,135,135,140,138,135,135,135,135,135,135,135,135,135,135,135,135,89,135,135,135,135,135,136,135,136,135,135,135,144,137,135,135,107
136,Hakim Hart,,,,,,,,,,,134.69,136,136,58,101,42,10.806,133,132,137,136,136,136,136,114,136,136,136,136,136,136,136,138,136,138,146,139,136,136,136,136,142,146,136,136,136,139,136,139,136,136,136,136,136,136,136,132,136,138,136,136,136,136,136,138,136,136,136,136,136,136,136,145,136,136,136,136,139,136,136,136,136,136,139,136,136,137,136,136,141,139,136,136,136,136,136,136,136,136,136,136,136,136,73,136,136,136,136,136,137,136,137,136,136,136,58,138,136,136,103
137,Matthew Strazel,,,,,,,,,,,136.07,137,137,77,101,23,9.123,129,97,138,137,137,137,137,145,137,137,137,137,137,137,137,139,134,139,85,140,137,137,137,137,141,145,137,137,137,140,137,140,137,137,137,137,137,137,137,130,137,137,137,137,137,137,137,139,137,137,137,137,137,137,137,144,137,137,137,137,140,137,137,137,137,137,137,137,137,138,137,137,139,140,137,137,137,137,137,137,137,137,137,137,137,137,138,137,137,137,137,137,138,137,138,137,137,137,77,139,137,137,154
138,Makhi Mitchell,,,,,,,,,,,136.97,138,138,70,101,30,9.752,143,142,139,138,138,140,138,138,138,138,138,138,138,138,140,141,146,141,135,123,138,138,140,138,144,149,138,140,138,123,138,121,138,138,138,138,138,138,138,142,138,142,138,138,138,138,138,141,138,140,140,138,138,138,140,149,138,138,138,138,70,138,138,138,138,138,147,138,138,141,138,138,127,142,140,138,138,138,138,138,138,138,138,138,138,138,141,138,138,140,138,138,141,138,139,138,140,138,96,141,138,138,94
139,RaeQuan Battle,,,,,,,,,,,137.64,139,139,82,101,18,9.636,99,127,140,139,139,138,139,153,139,139,139,139,139,139,138,140,130,140,145,141,139,139,138,139,140,144,139,138,139,141,139,141,139,139,139,139,139,139,139,98,139,136,139,139,139,139,139,140,139,138,138,139,139,139,138,143,139,139,139,139,141,139,139,139,139,139,82,139,139,139,139,139,138,141,138,139,139,139,139,139,139,139,139,139,139,139,94,139,139,138,139,139,139,139,140,139,138,139,150,140,139,139,160
140,Tolu Smith,,,,,,,,,,,138.51,140,140,70,101,30,10.575,136,135,141,140,140,141,140,137,140,140,140,140,140,140,141,142,139,142,147,142,140,140,141,140,130,72,140,141,140,142,140,142,140,140,140,140,140,140,140,135,140,140,140,140,140,140,140,142,140,141,141,140,140,140,141,147,140,140,140,140,142,140,140,140,140,140,142,140,140,142,140,140,142,143,141,140,140,140,140,140,140,140,140,140,140,140,70,140,140,141,140,140,142,140,141,140,141,140,142,142,140,140,98
141,Trevon Brazile,,,,,,,,,,,139.46,141,141,57,101,43,11.771,154,155,142,141,141,139,141,112,141,141,141,141,141,141,139,117,155,117,137,125,141,141,139,141,150,153,141,139,141,125,141,123,141,141,141,141,141,141,141,154,141,147,141,141,141,141,141,115,141,139,139,141,141,141,139,151,141,141,141,141,123,141,141,141,141,141,156,141,141,140,141,141,129,116,139,141,141,141,141,141,141,141,141,141,141,141,143,141,141,139,141,141,140,141,142,141,139,141,157,57,141,141,174
142,Jalen Cook,,,,,,,,,,,140.56,142,142,65,101,35,9.168,140,139,143,142,142,143,142,129,142,142,142,142,142,142,143,143,143,143,148,143,142,142,143,142,133,138,142,143,142,143,142,143,142,142,142,142,142,142,142,139,142,125,142,142,142,142,142,143,142,143,143,142,142,142,143,65,142,142,142,142,143,142,142,142,142,142,145,142,142,144,142,142,143,144,143,142,142,142,142,142,142,142,142,142,142,142,98,142,142,143,142,142,144,142,143,142,143,142,145,143,142,142,126
143,Mohamed Diarra,,,,,,,,,,,141.45,143,143,64,101,36,10.296,139,138,144,143,143,144,143,127,143,143,143,143,143,143,144,144,142,144,86,144,143,143,144,143,143,148,143,144,143,144,143,144,143,143,143,143,143,143,143,138,143,141,143,143,143,143,143,144,143,144,144,143,143,143,144,148,143,143,143,143,144,143,143,143,143,143,64,143,143,145,143,143,144,145,144,143,143,143,143,143,143,143,143,143,143,143,140,143,143,144,143,143,145,143,144,143,144,143,151,144,143,143,110
144,Matt Lewis,,,,,,,,,,,142.40,144,144,66,101,34,11.307,157,158,145,144,144,142,144,131,144,144,144,144,144,144,142,118,158,118,138,126,144,144,142,144,153,155,144,142,144,126,144,124,144,144,144,144,144,144,144,157,144,149,144,144,144,144,144,116,144,142,142,144,144,144,142,152,144,144,144,144,124,144,144,144,144,144,159,144,144,143,144,144,130,117,142,144,144,144,144,144,144,144,144,144,144,144,144,144,144,142,144,144,143,144,145,144,142,144,160,66,144,144,175
145,Zsombar Maronka,,,,,,,,,,,144.16,145,145,90,101,10,8.068,149,148,146,145,145,145,145,160,145,145,145,145,145,145,145,145,150,145,149,145,145,145,145,145,136,141,145,145,145,145,145,145,145,145,145,145,145,145,145,146,145,128,145,145,145,145,145,145,145,145,145,145,145,145,145,91,145,145,145,145,145,145,145,145,145,145,149,145,145,146,145,145,145,146,145,145,145,145,145,145,145,145,145,145,145,145,90,145,145,145,145,145,146,145,146,145,145,145,148,145,145,145,153
146,Keenan Blackshear,,,,,,,,,,,145.03,146,146,81,101,19,9.113,144,143,147,146,146,146,146,150,146,146,146,146,146,146,146,146,147,146,150,146,146,146,146,146,145,85,146,146,146,146,146,146,146,146,146,146,146,146,146,143,146,159,146,146,146,146,146,146,146,146,146,146,146,146,146,158,146,146,146,146,146,146,146,146,146,146,81,146,146,147,146,146,146,147,146,146,146,146,146,146,146,146,146,146,146,146,150,146,146,146,146,146,147,146,147,146,146,146,152,146,146,146,132
147,Hunter Cattoor,,,,,,,,,,,145.70,147,147,68,101,32,11.427,142,141,148,147,147,147,147,133,147,147,147,147,147,147,147,147,145,147,153,147,147,147,147,147,167,166,147,147,147,147,147,147,147,147,147,147,147,147,147,141,147,161,147,147,147,147,147,147,147,147,147,147,147,147,147,160,147,147,147,147,147,147,147,147,147,147,68,147,147,148,147,147,149,148,147,147,147,147,147,147,147,147,147,147,147,147,153,147,147,147,147,147,148,147,148,147,147,147,97,147,147,147,90
148,DJ Horne,,,,,,,,,,,147.32,148,148,94,101,6,7.802,150,149,149,148,148,148,148,166,148,148,148,148,148,148,148,148,151,148,151,148,148,148,148,148,137,94,148,148,148,148,148,148,148,148,148,148,148,148,148,147,148,143,148,148,148,148,148,148,148,148,148,148,148,148,148,97,148,148,148,148,148,148,148,148,148,148,150,148,148,149,148,148,147,149,148,148,148,148,148,148,148,148,148,148,148,148,151,148,148,148,148,148,149,148,149,148,148,148,149,148,148,148,163
149,KJ Jones II,,,,,,,,,,,148.03,149,149,81,101,19,9.043,147,146,150,149,149,149,149,151,149,149,149,149,149,149,149,149,81,149,152,149,149,149,149,149,146,90,149,149,149,149,149,149,149,149,149,149,149,149,149,150,149,160,149,149,149,149,149,149,149,149,149,149,149,149,149,159,149,149,149,149,149,149,149,149,149,149,152,149,149,150,149,149,148,150,149,149,149,149,149,149,149,149,149,149,149,149,152,149,149,149,149,149,150,149,150,149,149,149,153,149,149,149,143
150,Ivan Perasovic,,,,,,,,,,,149.44,150,150,95,101,5,7.831,152,151,151,150,150,150,150,168,150,150,150,150,150,150,150,150,99,150,154,150,150,150,150,150,147,150,150,150,150,150,150,150,150,150,150,150,150,150,150,151,150,144,150,150,150,150,150,150,150,150,150,150,150,150,150,95,150,150,150,150,150,150,150,150,150,150,153,150,150,151,150,150,150,151,150,150,150,150,150,150,150,150,150,150,150,150,154,150,150,150,150,150,151,150,151,150,150,150,154,150,150,150,165
151,Justin Moore,,,,,,,,,,,150.15,151,151,84,101,16,9.810,146,145,152,151,151,151,151,156,151,151,151,151,151,151,151,151,148,151,156,151,151,151,151,151,168,167,151,151,151,151,151,151,151,151,151,151,151,151,151,144,151,162,151,151,151,151,151,151,151,151,151,151,151,151,151,161,151,151,151,151,151,151,151,151,151,151,85,151,151,152,151,151,152,152,151,151,151,151,151,151,151,151,151,151,151,151,156,151,151,151,151,151,152,151,152,151,151,151,84,151,151,151,142
152,Alexander Kovlyar,,,,,,,,,,,150.89,152,152,60,101,40,12.468,156,157,153,152,152,154,152,117,152,152,152,152,152,152,154,154,157,154,158,154,152,152,154,152,152,154,152,154,152,154,152,154,152,152,152,152,152,152,152,156,152,148,152,152,152,152,152,154,152,154,154,152,152,152,154,60,152,152,152,152,154,152,152,152,152,152,158,152,152,155,152,152,154,155,154,152,152,152,152,152,152,152,152,152,152,152,158,152,152,154,152,152,155,152,153,152,154,152,159,154,152,152,75
153,Fedor Zugic,,,,,,,,,,,151.71,153,153,80,101,20,10.194,145,144,154,153,153,152,153,148,153,153,153,153,153,153,152,152,86,152,157,152,153,153,152,153,169,168,153,152,153,152,153,152,153,153,153,153,153,153,153,149,153,163,153,153,153,153,153,152,153,152,152,153,153,153,152,162,153,153,153,153,152,153,153,153,153,153,151,153,153,153,153,153,153,153,152,153,153,153,153,153,153,153,153,153,153,153,157,153,153,152,153,153,153,153,154,153,152,153,80,152,153,153,146
154,Jordan Wright,,,,,,,,,,,152.65,154,154,60,101,40,12.802,155,156,155,154,154,155,154,118,154,154,154,154,154,154,155,155,156,155,160,155,154,154,155,154,151,60,154,155,154,155,154,155,154,154,154,154,154,154,154,155,154,165,154,154,154,154,154,155,154,155,155,154,154,154,155,164,154,154,154,154,155,154,154,154,154,154,157,154,154,156,154,154,156,156,155,154,154,154,154,154,154,154,154,154,154,154,160,154,154,155,154,154,156,154,155,154,155,154,158,155,154,154,74
155,Jermaine Couisnard,,,,,,,,,,,152.83,155,155,91,101,9,10.313,95,153,91,155,155,153,155,169,155,155,155,155,155,155,153,153,153,153,155,153,155,155,153,155,148,151,155,153,155,153,155,153,155,155,155,155,155,155,155,152,155,145,155,155,155,155,155,153,155,153,153,155,155,155,153,100,155,155,155,155,153,155,155,155,155,155,154,155,155,154,155,155,151,154,153,155,155,155,155,155,155,155,155,155,155,155,155,155,155,153,155,155,154,155,156,155,153,155,155,153,155,155,167
156,Henry Coleman,,,,,,,,,,,155.25,156,156,80,101,20,8.503,161,162,156,156,156,157,156,149,156,156,156,156,156,156,157,157,162,157,80,157,156,156,157,156,155,157,156,157,156,157,156,157,156,156,156,156,156,156,156,161,156,151,156,156,156,156,156,157,156,157,157,156,156,156,157,153,156,156,156,156,157,156,156,156,156,156,162,156,156,158,156,156,157,158,157,156,156,156,156,156,156,156,156,156,156,156,145,156,156,157,156,156,158,156,157,156,157,156,162,157,156,156,121
157,Elijah Pepper,,,,,,,,,,,155.95,157,157,91,101,9,9.049,151,150,157,157,157,156,157,161,157,157,157,157,157,157,156,156,152,156,159,156,157,157,156,157,170,169,157,156,157,156,157,156,157,157,157,157,157,157,157,148,157,164,157,157,157,157,157,156,157,156,156,157,157,157,156,163,157,157,157,157,156,157,157,157,157,157,100,157,157,157,157,157,155,157,156,157,157,157,157,157,157,157,157,157,157,157,159,157,157,156,157,157,157,157,158,157,156,157,91,156,157,157,172
158,Clement Frisch,,,,,,,,,,,156.76,158,158,77,101,23,9.144,159,160,158,158,158,158,158,146,158,158,158,158,158,158,158,158,160,158,161,158,158,158,158,158,154,156,158,158,158,158,158,158,158,158,158,158,158,158,158,159,158,150,158,158,158,158,158,158,158,158,158,158,158,158,158,77,158,158,158,158,158,158,158,158,158,158,161,158,158,159,158,158,158,159,158,158,158,158,158,158,158,158,158,158,158,158,161,158,158,158,158,158,159,158,159,158,158,158,161,158,158,158,115
159,Isiaih Mosley,,,,,,,,,,,157.88,159,159,82,101,18,8.322,162,163,159,159,159,159,159,154,159,159,159,159,159,159,159,159,163,159,82,159,159,159,159,159,156,158,159,159,159,159,159,159,159,159,159,159,159,159,159,162,159,152,159,159,159,159,159,159,159,159,159,159,159,159,159,154,159,159,159,159,159,159,159,159,159,159,163,159,159,160,159,159,159,160,159,159,159,159,159,159,159,159,159,159,159,159,146,159,159,159,159,159,160,159,160,159,159,159,163,159,159,159,129
160,Santiago Vescovi,,,,,,,,,,,158.99,160,160,84,101,16,7.985,163,164,160,160,160,160,160,157,160,160,160,160,160,160,160,160,164,160,84,160,160,160,160,160,157,159,160,160,160,160,160,160,160,160,160,160,160,160,160,163,160,153,160,160,160,160,160,160,160,160,160,160,160,160,160,155,160,160,160,160,160,160,160,160,160,160,164,160,160,161,160,160,160,161,160,160,160,160,160,160,160,160,160,160,160,160,147,160,160,160,160,160,161,160,161,160,160,160,164,160,160,160,138
161,Alex Ducas,,,,,,,,,,,160.04,161,161,83,101,17,10.934,90,152,161,161,161,161,161,155,161,161,161,161,161,161,161,161,83,161,162,161,161,161,161,161,171,170,161,161,161,161,161,161,161,161,161,161,161,161,161,177,161,166,161,161,161,161,161,161,161,161,161,161,161,161,161,165,161,161,161,161,161,161,161,161,161,161,176,161,161,162,161,161,161,162,161,161,161,161,161,161,161,161,161,161,161,161,162,161,161,161,161,161,162,161,162,161,161,161,174,161,161,161,148
162,Gabe McGlothan,,,,,,,,,,,161.21,162,162,73,101,27,9.259,158,159,162,162,162,162,162,140,162,162,162,162,162,162,162,162,159,162,163,162,162,162,162,162,172,171,162,162,162,162,162,162,162,162,162,162,162,162,162,158,162,167,162,162,162,162,162,162,162,162,162,162,162,162,162,166,162,162,162,162,162,162,162,162,162,162,160,162,162,163,162,162,163,163,162,162,162,162,162,162,162,162,162,162,162,162,163,162,162,162,162,162,163,162,163,162,162,162,73,162,162,162,173
163,Jarron Coleman,,,,,,,,,,,162.10,163,163,91,101,9,7.412,166,167,163,163,163,163,163,162,163,163,163,163,163,163,163,163,167,163,91,163,163,163,163,163,159,161,163,163,163,163,163,163,163,163,163,163,163,163,163,166,163,155,163,163,163,163,163,163,163,163,163,163,163,163,163,156,163,163,163,163,163,163,163,163,163,163,167,163,163,164,163,163,162,164,163,163,163,163,163,163,163,163,163,163,163,163,148,163,163,163,163,163,164,163,164,163,163,163,166,163,163,163,155
164,Mihailo Boskovic,,,,,,,,,,,162.83,164,164,85,101,15,8.181,164,165,164,164,164,164,164,158,164,164,164,164,164,164,164,164,165,164,164,164,164,164,164,164,158,160,164,164,164,164,164,164,164,164,164,164,164,164,164,164,164,154,164,164,164,164,164,164,164,164,164,164,164,164,164,85,164,164,164,164,164,164,164,164,164,164,165,164,164,165,164,164,164,165,164,164,164,164,164,164,164,164,164,164,164,164,164,164,164,164,164,164,165,164,165,164,164,164,165,164,164,164,141
165,Josh Morgan,,,,,,,,,,,163.70,165,165,79,101,21,9.888,160,161,165,165,165,165,165,147,165,165,165,165,165,165,165,165,161,165,165,165,165,165,165,165,173,172,165,165,165,165,165,165,165,165,165,165,165,165,165,160,165,168,165,165,165,165,165,165,165,165,165,165,165,165,165,167,165,165,165,165,165,165,165,165,165,165,79,165,165,166,165,165,165,166,165,165,165,165,165,165,165,165,165,165,165,165,165,165,165,165,165,165,166,165,166,165,165,165,175,165,165,165,119
166,Jaden Bediako,,,,,,,,,,,165.26,166,166,91,101,9,7.506,167,168,166,166,166,166,166,163,166,166,166,166,166,166,166,166,168,166,166,166,166,166,166,166,160,91,166,166,166,166,166,166,166,166,166,166,166,166,166,167,166,169,166,166,166,166,166,166,166,166,166,166,166,166,166,168,166,166,166,166,166,166,166,166,166,166,168,166,166,167,166,166,166,167,166,166,166,166,166,166,166,166,166,166,166,166,166,166,166,166,166,166,167,166,167,166,166,166,167,166,166,166,156
167,Xavier Johnson,,,,,,,,,,,166.43,167,167,88,101,12,7.966,165,166,167,167,167,167,167,159,167,167,167,167,167,167,167,167,166,167,168,167,167,167,167,167,174,173,167,167,167,167,167,167,167,167,167,167,167,167,167,165,167,170,167,167,167,167,167,167,167,167,167,167,167,167,167,170,167,167,167,167,167,167,167,167,167,167,166,167,167,168,167,167,168,168,167,167,167,167,167,167,167,167,167,167,167,167,168,167,167,167,167,167,168,167,168,167,167,167,88,167,167,167,176
168,Joel Scott,,,,,,,,,,,167.12,168,168,92,101,8,7.610,169,170,168,168,168,168,168,164,168,168,168,168,168,168,168,168,170,168,167,168,168,168,168,168,162,162,168,168,168,168,168,168,168,168,168,168,168,168,168,169,168,92,168,168,168,168,168,168,168,168,168,168,168,168,168,169,168,168,168,168,168,168,168,168,168,168,170,168,168,169,168,168,167,169,168,168,168,168,168,168,168,168,168,168,168,168,167,168,168,168,168,168,169,168,169,168,168,168,169,168,168,168,158
169,Warren Washington,,,,,,,,,,,168.10,169,169,92,101,8,7.725,168,169,169,169,169,169,169,165,169,169,169,169,169,169,169,169,169,169,170,169,169,169,169,169,161,92,169,169,169,169,169,169,169,169,169,169,169,169,169,168,169,171,169,169,169,169,169,169,169,169,169,169,169,169,169,171,169,169,169,169,169,169,169,169,169,169,169,169,169,170,169,169,170,170,169,169,169,169,169,169,169,169,169,169,169,169,170,169,169,169,169,169,170,169,170,169,169,169,168,169,169,169,157
170,Keisei Tominaga,,,,,,,,,,,169.05,170,170,96,101,4,7.498,172,172,170,170,170,170,170,171,170,170,170,170,170,170,170,170,172,170,169,170,170,170,170,170,163,163,170,170,170,170,170,170,170,170,170,170,170,170,170,171,170,156,170,170,170,170,170,170,170,170,170,170,170,170,170,96,170,170,170,170,170,170,170,170,170,170,171,170,170,171,170,170,169,171,170,170,170,170,170,170,170,170,170,170,170,170,169,170,170,170,170,170,171,170,171,170,170,170,170,170,170,170,164
171,Donta Scott,,,,,,,,,,,170.34,171,171,97,101,3,7.363,173,173,171,171,171,171,171,172,171,171,171,171,171,171,171,171,173,171,172,171,171,171,171,171,164,97,171,171,171,171,171,171,171,171,171,171,171,171,171,172,171,172,171,171,171,171,171,171,171,171,171,171,171,171,171,172,171,171,171,171,171,171,171,171,171,171,172,171,171,172,171,171,172,172,171,171,171,171,171,171,171,171,171,171,171,171,172,171,171,171,171,171,172,171,172,171,171,171,171,171,171,171,166
172,Jaylen Forbes,,,,,,,,,,,171.24,172,172,99,101,1,7.475,177,177,172,172,172,172,172,176,172,172,172,172,172,172,172,172,176,172,171,172,172,172,172,172,166,164,172,172,172,172,172,172,172,172,172,172,172,172,172,175,172,157,172,172,172,172,172,172,172,172,172,172,172,172,172,99,172,172,172,172,172,172,172,172,172,172,174,172,172,173,172,172,171,173,172,172,172,172,172,172,172,172,172,172,172,172,171,172,172,172,172,172,173,172,173,172,172,172,173,172,172,172,171
173,Clarence Daniels,,,,,,,,,,,172.06,173,173,94,101,6,7.905,170,171,173,173,173,173,173,167,173,173,173,173,173,173,173,173,171,173,173,173,173,173,173,173,175,174,173,173,173,173,173,173,173,173,173,173,173,173,173,170,173,173,173,173,173,173,173,173,173,173,173,173,173,173,173,173,173,173,173,173,173,173,173,173,173,173,94,173,173,174,173,173,173,174,173,173,173,173,173,173,173,173,173,173,173,173,173,173,173,173,173,173,174,173,174,173,173,173,176,173,173,173,161
174,Tyler Thomas,,,,,,,,,,,173.18,174,174,98,101,2,7.556,176,176,174,174,174,174,174,173,174,174,174,174,174,174,174,174,175,174,174,174,174,174,174,174,165,98,174,174,174,174,174,174,174,174,174,174,174,174,174,174,174,174,174,174,174,174,174,174,174,174,174,174,174,174,174,174,174,174,174,174,174,174,174,174,174,174,173,174,174,175,174,174,174,175,174,174,174,174,174,174,174,174,174,174,174,174,174,174,174,174,174,174,175,174,175,174,174,174,172,174,174,174,170
175,Lucas Ugolin,,,,,,,,,,,174.22,175,175,98,101,2,7.617,175,175,175,175,175,175,175,174,175,175,175,175,175,175,175,175,174,175,175,175,175,175,175,175,176,175,175,175,175,175,175,175,175,175,175,175,175,175,175,173,175,175,175,175,175,175,175,175,175,175,175,175,175,175,175,175,175,175,175,175,175,175,175,175,175,175,98,175,175,176,175,175,175,176,175,175,175,175,175,175,175,175,175,175,175,175,175,175,175,175,175,175,176,175,176,175,175,175,177,175,175,175,169
176,Josh Bannan,,,,,,,,,,,175.08,176,176,95,101,5,8.132,171,95,176,176,176,176,176,170,176,176,176,176,176,176,176,176,177,176,176,176,176,176,176,176,177,176,176,176,176,176,176,176,176,176,176,176,176,176,176,178,176,176,176,176,176,176,176,176,176,176,176,176,176,176,176,176,176,176,176,176,176,176,176,176,176,176,177,176,176,177,176,176,176,177,176,176,176,176,176,176,176,176,176,176,176,176,176,176,176,176,176,176,177,176,177,176,176,176,178,176,176,176,162
177,Konstantin Kostsadinov,,,,,,,,,,,176.10,177,177,98,101,2,7.841,174,174,177,177,177,177,177,175,177,177,177,177,177,177,177,177,98,177,177,177,177,177,177,177,178,177,177,177,177,177,177,177,177,177,177,177,177,177,177,176,177,177,177,177,177,177,177,177,177,177,177,177,177,177,177,177,177,177,177,177,177,177,177,177,177,177,175,177,177,178,177,177,177,178,177,177,177,177,177,177,177,177,177,177,177,177,177,177,177,177,177,177,178,177,178,177,177,177,178,177,177,177,168
178,Isaiah Cozart,,,,,,,,,,,177.22,178,178,100,101,0,7.685,178,178,178,178,178,178,178,177,178,178,178,178,178,178,178,178,178,178,178,178,178,178,178,178,178,178,178,178,178,178,178,178,178,178,178,178,178,178,178,178,178,178,178,178,178,178,178,178,178,178,178,178,178,178,178,178,178,178,178,178,178,178,178,178,178,178,178,178,178,178,178,178,178,178,178,178,178,178,178,178,178,178,178,178,178,178,178,178,178,178,178,178,178,178,178,178,178,178,100,178,178,178,177