Rank,Name,Draft Year,Role,League,Pre-NBA,Team Color,Actual Pick,NBA Team,ABV,Age,Height (in),Height,Wingspan (in),Wingspan,Wing - Height,Weight (lbs),SCORE,MEAN,MEDIAN,MODE,HIGH,LOW,RANGE,STDEV,COUNT,Inclusion Rate,1 - 3,4 - 14,15 - 30,31 - 58,Undrafted,ESPN,Sam Vecenie (The Athletic),John Hollinger (The Athletic),Kevin O'Connor (The Ringer),On3,Matt Norlander (CBS Sports),No Ceilings,@HoopIntelllect,@redrock_bball,@_prezidente,Nick Heintzman,@codyreeves14,@henrynbadraft,@LoganH_utk,@_gettingBuckets,@fra_sempru,@kimonsjaer24,@andreacannici,@_thedealzone,@Fergaburger1,@criggsNBA,@Skillz8123,@finleykuehl,@GamebreakNow,@OranjeGuerrero,@kabengelestan,@JEnnisNBADraft,@shammdog,dubc126@gmail.com,joshuagreco@outlook.com,@HoopsForecast,@British_Buzz,@CediBetter,@ZP12Hoops,@LeftFieldSoup,@NBADraftFuture,@_GatheringIntel,@Will_Rucker3_AD,@larry_hoodie,@onballcreator,@CannibalSerb,@RutgersMilos,@Fiizop,@spainpnr,@okcfanethan,@cozylito,@DraftGuyEli,@bjpf_,Jeremy Langwood,@rowankent,@Scoutspects,@KornHoops,@DraftPow,@EthanTalksHoops,@draftpoint2024,@SpencerVonNBA,@EDemirNBA,@report_court,@Daniel_Sherm14,@ilkoius,@TrellInterlude,@ShoryLogan,@HuntHoops,@OpticalHoops,@Nittanylion02,@SpreadScouting,@penguinpub,@Cparkernba,@Alley_Oop_Coop,@NileHoops,@wheatonbrando,@ChuckingDarts,@DuvaltoDMV,@TheRyanMcCrary,@kalidrafts,@asherlevynba,@BrianJNBA,@halfawaketakes,@CTFazio24,@ConnectiveDraft,@HoopsWill,@chipwilliamsjr ,@purebballLLC,@myles23teal,@IrisMachine,@lw14Robbie,@TheCollinDunks,@thezonemaster,@zachefiene,@mcfxz,@kermit_cop,@SBN_Ricky,@bballstrategy,@sullysays_,Reverse Enigma,@bcb_75,@nolang,@NYYFraudOffice,@mooh3e,Biased-Deezus,@Nickogan,@FredMcNBA,@dlee4three,@jtiendana ,@pjc1019_30,@j0nzzzz,@therealStargon,@LoganA_NBA,@dakduffyj42,@100guaranteed,@CRiehl30
1,Alexandre Sarr,2024,Big,Aus. NBL,Perth,#ED1D24,2,Washington Wizards,WAS,19.15,83.75,"6'11.75""",88.25,"7'4.25""",4.5,205,98.26,2.74,2,1,1,16,15,2.916,111,1.00,0.77,0.22,0.01,0.00,0.00,2,1,5,6,2,2,1,1,1,1,13,3,4,5,3,1,2,1,13,10,8,1,1,1,1,1,1,1,1,3,5,2,1,2,1,1,3,1,2,2,5,4,6,1,2,2,1,1,3,1,3,1,7,1,1,1,5,2,2,1,1,2,1,1,1,10,5,1,1,12,3,4,4,10,1,1,1,3,1,2,2,3,1,4,1,2,3,1,2,1,1,2,16,1,1,1,1,7,1,2,1,1,1,1,2,4,1,3,1,4,1
2,Reed Sheppard,2024,Guard,SEC,Kentucky,#0033A0,3,Houston Rockets,HOU,19.99,73.75,"6'1.75""",75.25,"6'3.25""",1.5,182,96.50,4.50,4,2,1,15,14,3.159,111,1.00,0.50,0.50,0.01,0.00,0.00,4,2,4,1,4,3,4,3,3,3,2,1,1,2,4,9,9,12,2,1,1,6,14,3,7,6,3,4,6,2,2,7,4,6,4,3,10,7,11,11,4,1,2,2,4,3,11,7,2,7,9,3,2,5,7,7,11,7,4,8,6,8,9,3,3,2,1,3,3,2,1,1,1,2,3,3,6,1,10,1,4,2,4,7,4,7,4,2,15,5,2,4,4,3,3,2,3,2,2,3,2,6,7,3,1,5,4,12,8,1,2
3,Donovan Clingan,2024,Big,Big East,UConn,#E4002B,7,Portland Trail Blazers,POR,20.32,85.75,"7'1.75""",90.75,"7'6.75""",5,282,95.57,5.43,4,3,1,20,19,3.687,111,1.00,0.35,0.60,0.05,0.00,0.00,3,4,3,2,1,6,2,5,9,2,3,11,2,6,2,10,6,15,3,2,2,7,4,5,10,3,4,7,15,8,1,3,6,4,3,4,8,9,4,4,19,2,3,4,3,4,14,9,4,6,5,15,4,3,3,13,2,8,5,6,5,6,4,6,2,3,4,5,11,3,20,6,2,1,2,6,11,2,5,7,5,7,5,2,5,4,5,4,7,3,7,8,2,4,7,3,7,1,3,9,5,10,4,6,6,9,3,2,2,3,4
4,Ron Holland,2024,Wing,G League,G League Ignite,#8C2A93,5,Detroit Pistons,DET,18.95,78.5,"6'6.5""",82.75,"6'10.75""",4.25,197,95.36,5.64,3,2,1,37,36,5.962,111,1.00,0.54,0.37,0.08,0.01,0.00,13,10,1,9,9,20,13,2,2,4,4,2,6,10,15,2,1,18,5,21,6,4,3,2,4,2,11,6,2,5,16,14,3,3,7,10,2,2,5,3,23,5,5,5,12,1,4,2,1,3,2,2,3,2,5,3,1,1,1,5,3,1,2,8,9,13,2,2,2,17,2,2,6,21,7,2,2,9,2,3,1,1,3,3,2,1,1,6,1,2,8,3,37,2,2,13,2,6,4,1,4,2,2,2,12,1,2,1,15,5,3
5,Rob Dillingham,2024,Guard,SEC,Kentucky,#0033A0,8,Minnesota Timberwolves,MIN,19.46,73,"6'1""",75,"6'3""",2,164,92.19,8.81,8,9,1,34,33,5.976,111,1.00,0.16,0.68,0.14,0.01,0.00,8,15,8,10,13,11,10,4,4,7,10,4,7,34,1,3,4,19,6,13,9,2,6,9,21,5,7,9,9,17,4,18,5,9,16,12,9,5,3,1,2,24,10,11,10,9,5,5,6,10,1,8,8,13,4,2,6,5,3,4,2,3,8,11,17,9,7,9,21,21,12,12,3,7,17,8,3,27,9,6,10,4,2,6,7,3,2,17,3,9,9,5,24,6,5,18,8,18,11,11,11,11,3,7,8,8,5,4,6,7,5
6,Nikola Topić,2024,Guard,Adriatic ABA,KK Crvena Zvezda,#D13431,12,Oklahoma City Thunder,OKC,18.86,77.75,"6'5.75""",77.5,"6'5.5""",-0.25,200,91.68,9.32,8,5,1,34,33,6.628,111,1.00,0.14,0.70,0.14,0.02,0.00,10,13,6,13,11,12,5,11,5,6,12,6,3,4,29,4,10,13,8,4,4,12,24,7,5,20,6,17,8,9,8,5,2,5,13,14,1,4,1,20,3,7,11,7,17,14,26,4,26,2,7,5,10,6,10,9,16,34,9,7,12,15,6,4,11,8,3,8,33,7,14,19,5,3,8,5,7,18,3,5,14,6,8,16,3,10,8,3,17,7,5,1,21,7,8,4,4,5,19,6,3,5,9,5,3,2,8,10,9,8,6
7,Devin Carter,2024,Guard,Big East,Providence,#8A8D8F,13,Sacramento Kings,SAC,22.26,74.25,"6'2.25""",80.75,"6'8.75""",6.5,193,90.93,10.07,9,7,1,33,32,4.627,111,1.00,0.03,0.82,0.14,0.01,0.00,12,7,10,5,7,5,9,9,16,12,8,9,11,1,10,15,14,6,24,6,7,9,33,11,11,9,12,10,10,6,11,8,9,7,11,7,7,20,9,5,7,9,15,10,5,10,3,16,11,13,11,12,6,12,8,14,10,12,13,9,15,7,20,13,4,7,8,7,5,20,10,3,8,5,15,10,16,10,7,4,8,9,7,15,12,9,17,5,11,13,4,9,6,9,10,5,13,8,15,16,6,8,11,13,17,11,6,13,4,13,7
8,Stephon Castle,2024,Guard,Big East,UConn,#E4002B,4,San Antonio Spurs,SAS,19.63,77.5,"6'5.5""",81,"6'9""",3.5,210,90.55,10.45,8,3,1,34,33,7.182,111,1.00,0.17,0.58,0.24,0.01,0.00,6,3,2,3,5,10,3,7,8,19,7,19,13,20,6,8,3,10,23,24,17,3,11,4,3,7,8,3,7,1,3,4,8,34,9,2,21,10,10,6,1,6,19,15,14,22,2,13,24,4,10,9,19,7,2,5,3,20,10,3,28,9,7,7,20,21,20,16,18,27,4,13,7,6,6,13,4,16,8,23,7,13,13,5,6,5,6,11,10,22,3,10,25,11,4,12,6,3,20,5,10,9,6,4,10,15,10,23,3,14,8
9,Zaccharie Risacher,2024,Wing,French LNB Élite,JL Bourg-en-Bresse,#CB2B1D,1,Atlanta Hawks,ATL,19.2,80.5,"6'8.5""",81.5,"6'9.5""",1,204,90.32,10.68,9,6,1,31,30,6.510,111,1.00,0.08,0.68,0.23,0.02,0.00,1,5,13,11,3,4,6,6,13,8,20,20,15,7,7,7,5,2,14,22,15,23,9,6,2,12,5,2,20,12,7,1,7,24,2,5,6,11,13,10,8,3,27,9,16,16,13,14,16,8,4,6,26,8,6,6,9,9,7,11,13,12,5,9,5,16,15,6,15,26,15,11,26,31,12,17,5,4,12,17,9,12,6,8,8,6,13,9,6,6,6,11,31,14,6,7,5,9,18,4,14,7,12,10,4,3,16,15,10,17,9
10,Matas Buzelis,2024,Wing,G League,G League Ignite,#8C2A93,11,Chicago Bulls,CHI,19.68,80.75,"6'8.75""",82,"6'10""",1.25,197,89.96,11.04,9,6,1,45,44,7.068,111,1.00,0.06,0.69,0.23,0.02,0.00,5,12,7,4,8,17,12,8,11,5,25,10,20,11,13,6,7,17,22,25,24,10,2,8,9,4,2,5,3,20,12,6,10,17,17,9,4,6,16,9,14,12,17,6,15,12,21,6,9,5,6,7,17,4,9,8,7,4,6,2,10,18,3,14,14,20,14,4,7,25,6,7,21,37,13,20,12,17,6,14,3,11,19,1,11,8,9,8,4,8,10,6,45,13,9,6,9,15,6,7,18,4,5,14,13,6,11,8,5,16,10
11,Isaiah Collier,2024,Guard,PAC 12,USC,#990000,29,Utah Jazz,UTA,19.7,74.5,"6'2.5""",76.75,"6'4.75""",2.25,205,87.13,13.07,12,12,3,56,53,7.723,109,0.98,0.05,0.59,0.35,0.02,0.00,23,19,12,19,12,18,22,12,11,9,17,5,16,9,30,5,8,25,11,,19,5,5,13,23,26,10,16,23,16,9,15,12,13,8,20,5,3,12,15,36,19,16,3,13,6,16,3,7,11,12,4,14,17,21,4,12,3,8,15,4,5,10,5,18,17,12,14,4,16,,17,15,14,11,14,10,21,4,10,23,5,9,10,10,11,20,19,5,4,12,7,56,5,17,11,14,22,7,12,13,3,8,11,14,24,7,7,17,19,11
12,Dalton Knecht,2024,Wing,SEC,Tennessee,#FF8200,17,Los Angeles Lakers,LAL,23.17,77.25,"6'5.25""",81,"6'9""",3.75,212,86.11,14.89,13,10,1,39,38,7.171,111,1.00,0.01,0.58,0.37,0.05,0.00,7,9,14,8,6,1,7,10,21,16,19,39,31,8,5,14,12,11,25,23,25,8,15,10,6,8,9,11,24,10,6,10,11,19,6,11,17,16,6,8,9,15,28,13,11,26,17,25,30,12,18,10,32,11,11,12,14,10,16,12,20,14,18,24,7,15,25,13,17,35,19,16,18,20,9,11,19,12,13,18,11,20,10,11,16,13,12,10,23,10,14,18,7,10,15,10,22,13,24,31,23,13,10,16,9,14,13,5,12,29,12
13,DaRon Holmes II,2024,Big,A-10,Dayton,#CE1141,22,Denver Nuggets,DEN,21.85,80.75,"6'8.75""",85,"7'1""",4.25,236,83.05,17.57,17,13,3,62,59,8.616,110,0.99,0.01,0.39,0.54,0.05,0.01,38,24,27,34,19,19,18,23,22,26,11,27,14,13,40,17,13,5,7,7,10,14,17,15,14,25,23,13,12,22,30,,20,10,12,18,14,23,15,26,21,21,14,17,6,13,12,17,18,16,15,17,18,9,20,18,17,11,14,17,14,5,30,31,23,5,9,20,6,5,22,32,13,8,5,9,18,7,16,13,24,8,17,14,13,20,16,16,13,15,21,21,3,8,22,19,19,62,30,20,20,12,17,12,19,34,25,26,26,9,13
14,Kel'el Ware,2024,Big,Big 10,Indiana,#990000,15,Miami Heat,MIA,20.17,83.75,"6'11.75""",88.5,"7'4.5""",4.75,230,83.01,16.84,15,12,4,50,46,8.814,108,0.97,0.00,0.49,0.44,0.07,0.00,24,26,26,23,16,,23,15,12,21,9,14,8,17,22,22,19,22,12,9,5,11,16,22,28,13,13,12,4,11,25,20,25,15,35,26,38,13,20,13,22,,9,8,7,7,8,10,12,17,13,11,11,16,17,11,18,30,12,10,7,10,14,10,6,11,10,24,50,9,,9,9,12,34,21,9,48,14,12,15,23,15,21,14,12,24,13,18,12,17,13,20,12,19,34,37,17,5,30,8,15,15,15,16,39,9,19,19,6,14
15,Cody Williams,2024,Wing,PAC 12,Colorado,#CFB87C,10,Utah Jazz,UTA,19.58,78.5,"6'6.5""",85,"7'1""",6.5,178,82.93,16.93,15,11,4,58,54,9.100,108,0.97,0.00,0.49,0.43,0.08,0.00,11,6,15,15,14,8,8,13,19,18,33,28,40,19,9,11,15,4,,,37,20,12,18,8,10,15,8,5,7,10,13,13,23,14,6,12,12,14,7,15,10,,14,29,19,7,21,27,9,19,32,23,10,15,10,8,14,22,13,18,21,11,12,30,28,19,18,27,37,5,8,20,35,10,15,13,25,11,27,12,21,18,13,15,17,11,25,19,11,11,14,58,16,27,14,11,35,17,24,19,19,20,27,11,7,14,6,7,37,15
16,Jared McCain,2024,Guard,ACC,Duke,#003087,16,Philadelphia 76ers,PHI,20.33,74,"6'2""",75.5,"6'3.5""",1.5,203,82.50,18.13,17,16,4,42,38,7.266,110,0.99,0.00,0.28,0.63,0.09,0.00,15,14,18,12,13,16,11,16,17,28,6,17,12,22,12,16,16,24,10,8,14,17,20,12,20,16,19,24,,21,13,16,16,31,19,15,24,8,19,32,16,16,18,25,18,42,19,15,41,14,16,22,33,15,16,25,21,28,17,19,35,26,13,15,19,6,18,25,31,8,16,25,16,11,19,7,22,6,22,15,21,34,12,22,19,15,19,12,14,14,19,20,14,22,12,8,16,4,34,17,7,20,21,9,23,16,33,22,13,15,17
17,Zach Edey,2024,Big,Big 10,Purdue,#CEB888,9,Memphis Grizzlies,MEM,22.1,87.75,"7'3.75""",94.75,"7'10.75""",7,299,81.93,17.55,18,1,1,63,62,11.198,107,0.96,0.12,0.27,0.52,0.07,0.01,16,17,25,7,22,9,17,18,27,14,1,12,5,3,11,20,25,20,1,3,3,,18,19,26,27,14,27,16,,19,25,19,1,22,23,25,31,27,23,18,8,1,21,1,5,28,33,8,24,30,28,1,30,,33,30,41,15,16,17,37,21,30,31,1,6,21,23,1,8,5,11,4,29,27,30,5,17,8,6,10,11,33,29,19,10,14,21,29,15,19,1,,11,15,10,63,9,8,9,43,30,8,5,27,24,18,22,2,16
18,Carlton Carrington,2024,Guard,ACC,Pittsburgh,#003594,14,Washington Wizards,WAS,18.92,75.75,"6'3.75""",78.5,"6'6.5""",2.75,190,80.46,19.44,18,17,4,44,40,8.089,108,0.97,0.00,0.25,0.65,0.10,0.00,19,8,22,17,17,29,15,14,6,15,31,7,18,15,18,18,11,16,21,33,26,16,8,21,13,17,17,22,,14,20,17,15,44,20,8,22,22,17,29,24,18,29,16,25,17,18,20,19,23,14,19,20,21,13,23,,24,26,14,9,10,31,17,8,22,26,33,41,43,11,14,12,30,31,4,17,23,18,30,19,16,41,23,9,28,7,15,16,16,13,24,,24,16,20,18,39,10,18,12,16,16,33,24,12,21,9,14,21,18
19,Kyle Filipowski,2024,Big,ACC,Duke,#003087,32,Utah Jazz,UTA,20.62,82.75,"6'10.75""",82.5,"6'10.5""",-0.25,230,80.02,19.50,18,18,4,51,47,9.520,107,0.96,0.00,0.33,0.53,0.14,0.00,21,16,9,35,20,7,16,20,18,10,5,8,9,14,20,28,35,,9,5,11,,25,24,35,14,25,28,21,15,15,11,14,33,51,35,11,18,7,12,11,23,4,12,20,8,22,18,10,18,26,23,12,19,,19,38,17,11,24,24,33,16,18,24,4,23,15,9,4,23,26,14,9,20,26,26,47,19,11,17,15,37,30,21,16,27,27,12,27,,16,13,23,18,17,20,10,8,22,21,32,19,31,18,36,12,39,37,10,19
20,Tidjane Salaun,2024,Wing,French LNB Élite,Cholet Basket,#C63025,6,Charlotte Hornets,CHA,18.86,80.75,"6'8.75""",85.5,"7'1.5""",4.75,203,75.49,22.25,21,18,2,74,72,11.812,102,0.92,0.02,0.25,0.55,0.18,0.01,9,11,16,14,10,21,20,19,15,34,24,24,32,12,8,21,24,3,40,,,25,28,20,18,30,29,20,18,13,14,12,18,8,33,22,27,14,22,33,6,14,,23,,32,10,12,42,27,8,21,36,14,18,16,4,51,20,18,29,,29,2,21,,34,38,74,10,,10,30,49,16,,8,24,20,,13,17,48,29,17,23,25,7,29,19,18,15,55,15,21,26,12,24,27,23,25,33,29,25,7,18,31,31,16,43,21
21,Tyler Smith,2024,Big,G League,G League Ignite,#8C2A93,33,Milwaukee Bucks,MIL,19.63,81,"6'9""",85,"7'1""",4,224,75.24,22.51,22,25,4,57,53,9.789,102,0.92,0.00,0.25,0.51,0.24,0.00,34,25,23,33,30,25,26,28,7,11,22,26,10,31,33,25,20,,4,17,12,,13,14,46,11,32,21,,26,40,,23,16,15,31,18,25,35,17,35,11,7,,,11,31,22,13,19,17,25,13,18,,24,13,23,21,31,33,29,12,20,32,18,17,29,16,6,21,24,10,41,14,25,20,33,25,35,28,32,16,17,25,27,21,41,,17,24,12,57,26,13,,15,11,14,10,15,24,14,37,40,10,36,33,30,12,20
22,Yves Missi,2024,Big,Big 12,Baylor,#154734,21,New Orleans Pelicans,NOP,20.1,82.75,"6'10.75""",86,"7'2""",3.25,229,74.02,24.16,24,24,8,47,39,7.550,103,0.93,0.00,0.07,0.75,0.18,0.00,22,20,34,27,21,23,31,24,24,30,32,23,28,37,34,19,17,21,29,,30,24,10,28,27,18,26,32,,,21,24,21,20,25,19,30,15,8,18,20,25,,19,24,34,15,8,29,20,23,27,27,22,,15,37,40,19,25,22,34,17,16,13,,22,26,47,42,25,40,32,27,18,22,14,20,23,36,16,24,14,20,24,25,,20,9,24,16,17,,29,24,22,21,16,28,35,22,17,28,21,25,41,34,16,29,32,22
23,Ja'Kobe Walter,2024,Wing,Big 12,Baylor,#154734,19,Toronto Raptors,TOR,19.79,76.25,"6'4.25""",82,"6'10""",5.75,198,73.92,24.26,24,23,4,59,55,9.847,103,0.93,0.00,0.16,0.64,0.19,0.01,14,23,17,18,15,13,21,26,26,32,,16,33,23,14,27,21,14,20,,29,19,33,25,22,22,16,23,,18,17,9,24,28,5,25,23,29,18,25,10,17,34,24,26,38,9,27,33,15,25,37,43,28,,26,24,53,27,28,26,24,15,26,12,,50,37,59,34,13,34,24,42,4,,21,8,24,,22,30,20,12,28,30,22,21,8,21,25,22,,18,37,23,23,27,37,48,34,30,13,19,22,23,22,32,11,34,25
24,Jaylon Tyson,2024,Wing,PAC 12,Cal,#FDB515,20,Cleveland Cavaliers,CLE,21.55,77.5,"6'5.5""",80,"6'8""",2.5,218,73.11,24.36,24,27,6,51,45,8.119,101,0.91,0.00,0.14,0.67,0.19,0.00,31,28,28,31,27,,24,17,20,35,23,51,22,25,23,24,23,,34,27,20,,39,17,12,31,28,14,,24,22,,27,14,30,13,16,28,33,14,27,20,30,18,,23,,26,23,25,21,34,30,25,14,17,19,6,18,22,27,11,32,22,26,27,16,10,8,33,,20,22,19,27,23,31,25,21,16,27,18,28,,27,14,14,39,37,25,,23,46,21,25,9,26,30,38,21,39,23,27,28,37,13,23,20,40,30,23
25,Tristan da Silva,2024,Wing,PAC 12,Colorado,#CFB87C,18,Orlando Magic,ORL,23.1,80.25,"6'8.25""",82.25,"6'10.25""",2,217,72.78,24.70,23,18,8,64,56,10.378,101,0.91,0.00,0.11,0.65,0.22,0.02,17,18,51,20,18,,14,21,42,25,26,59,42,28,17,26,18,8,36,,,15,19,16,15,15,27,18,,23,24,21,22,32,10,16,15,26,28,16,12,13,,,28,35,23,34,40,22,31,13,41,20,12,32,46,15,23,20,25,44,23,38,22,,30,22,12,,18,31,31,26,47,24,27,13,31,21,18,37,35,18,23,18,18,23,30,18,22,25,41,19,14,24,,64,33,13,17,18,23,18,26,25,17,21,24,,24
26,Johnny Furphy,2024,Wing,Big 12,Kansas,#0051BA,35,Indiana Pacers,IND,19.53,79.5,"6'7.5""",80,"6'8""",0.5,202,70.11,26.76,27,28,5,78,73,9.405,99,0.89,0.00,0.07,0.65,0.27,0.01,18,27,11,26,25,,29,25,14,31,28,15,26,27,21,31,28,23,15,29,27,,22,36,33,28,21,31,,,28,23,17,36,31,28,20,47,25,34,26,,8,20,,20,32,39,5,29,22,26,22,23,,37,,32,29,32,23,,25,23,28,19,27,17,13,18,,15,27,28,23,30,36,41,35,34,33,22,36,34,18,38,28,30,24,26,,29,47,28,78,29,33,14,12,36,16,22,24,20,42,33,29,,21,20,27
27,Baylor Scheierman,2024,Wing,Big East,Creighton,#005CA9,30,Boston Celtics,BOS,23.73,78.25,"6'6.25""",80.25,"6'8.25""",2,202,68.10,27.39,27,24,9,50,41,9.464,95,0.86,0.00,0.08,0.58,0.34,0.00,27,22,30,24,23,,33,30,33,29,16,32,25,21,28,48,32,,19,11,18,,44,31,16,24,30,29,,,35,19,26,11,41,21,44,27,34,21,34,,21,,19,24,,35,35,46,35,38,24,37,,30,20,36,24,29,16,28,19,21,33,14,31,39,14,14,,35,19,15,50,31,46,28,29,9,25,26,24,,32,24,23,49,,,20,50,12,,28,16,,34,,39,26,14,41,23,20,22,15,27,27,25,28
28,Pacome Dadiet,2024,Wing,German BBL,Ratiopharm Ulm,#D74F37,25,New York Knicks,NYK,18.9,79.75,"6'7.75""",81,"6'9""",1.25,210,67.54,26.82,26.5,30,8,53,45,9.105,92,0.83,0.00,0.10,0.61,0.29,0.00,30,34,24,28,40,,25,29,29,33,53,33,23,18,19,13,33,,,,23,18,30,27,24,23,47,19,,,49,30,42,37,27,17,13,21,32,28,13,,32,,,33,24,19,34,30,36,46,37,27,19,22,15,35,28,23,8,25,28,19,34,,21,12,25,,,18,29,,30,,25,13,36,,38,28,49,9,34,21,,26,,28,,26,,30,20,25,17,19,29,14,33,26,25,17,21,38,32,11,32,26,26
29,Terrence Shannon Jr.,2024,Wing,Big 10,Illinois,#E84A27,27,Minnesota Timberwolves,MIN,23.89,77.75,"6'5.75""",80.75,"6'8.75""",3,219,64.97,29.24,27,22,5,94,89,13.894,91,0.82,0.00,0.09,0.51,0.35,0.05,26,39,49,21,26,14,,22,39,13,15,43,27,16,35,29,,,,19,31,13,37,30,30,37,22,34,17,,27,29,31,70,43,34,33,17,,22,59,22,24,,9,18,,38,22,94,33,20,9,31,,29,27,,38,26,19,,22,33,10,,24,11,,24,,23,43,16,36,,53,62,15,24,31,41,30,24,43,,15,37,31,,,31,5,17,33,,24,31,25,32,27,37,60,22,16,,19,24,45,28,29
30,Ryan Dunn,2024,Wing,ACC,Virginia,#F84C1E,28,Phoenix Suns,PHX,21.45,78.25,"6'6.25""",85.5,"7'1.5""",7.25,214,64.72,31.41,29,29,7,55,48,9.844,96,0.86,0.00,0.02,0.52,0.46,0.00,28,29,33,16,37,30,27,27,38,40,,25,34,36,43,23,22,,33,,34,,20,29,25,48,41,25,13,19,29,28,28,21,55,29,43,50,,38,31,,,,,28,25,31,36,26,49,24,16,24,,27,22,27,31,37,52,16,48,45,29,,44,46,26,,7,27,33,45,25,29,29,43,27,33,48,33,21,35,33,32,,18,35,,,30,53,25,23,28,29,52,36,15,24,25,26,42,30,17,46,34,25,35,31
31,Jonathan Mogbo,2024,Big,WCC,San Francisco,#00543C,31,Toronto Raptors,TOR,22.64,78.25,"6'6.25""",86,"7'2""",7.75,217,63.95,31.14,31,30,5,56,51,12.309,93,0.84,0.00,0.12,0.38,0.51,0.00,40,43,21,30,39,,36,39,28,36,14,31,17,30,41,38,,,16,14,16,,,42,44,52,51,36,26,,38,,43,18,56,33,29,32,,48,28,,13,,8,15,27,32,17,44,29,33,5,46,,35,33,22,40,45,21,20,37,35,27,12,11,30,10,13,,28,23,13,52,,43,52,38,20,36,14,26,19,30,33,30,38,,,,47,17,,45,,38,26,16,52,42,39,35,48,27,26,51,29,50,18,30
32,KJ Simpson,2024,Guard,PAC 12,Colorado,#CFB87C,42,Charlotte Hornets,CHA,21.87,72.25,"6'0.25""",76.5,"6'4.5""",4.25,187,60.33,32.47,32,30,11,55,44,10.924,86,0.77,0.00,0.07,0.40,0.53,0.00,52,53,31,38,48,24,35,42,41,38,27,30,19,24,24,45,,,28,15,13,,32,40,39,34,49,42,,,23,,35,30,29,47,34,30,,30,30,,12,,21,27,,23,20,38,51,18,21,40,,34,,48,34,38,30,42,49,28,,23,13,40,30,11,,,17,24,26,,39,19,41,26,55,25,32,,,31,,44,27,,,28,11,,49,30,,32,22,38,43,48,45,40,44,,,37,34,11,32
33,Tyler Kolek,2024,Guard,Big East,Marquette,#FFCC00,34,New York Knicks,NYK,23.23,73.25,"6'1.25""",74.75,"6'2.75""",1.5,197,59.78,32.68,30,30,11,68,57,11.200,85,0.77,0.00,0.01,0.49,0.46,0.04,25,21,36,25,33,15,28,33,49,39,36,44,30,61,25,46,29,,38,,32,,26,23,31,19,33,26,,,18,,30,22,21,37,,52,,27,17,,,,,45,,68,55,28,41,31,44,35,22,40,45,29,30,27,42,36,35,64,,,40,,53,30,26,,34,18,22,,42,11,40,25,30,47,23,27,39,35,,22,,,,35,30,27,26,21,,28,,19,,27,,53,32,29,18,35,20,36,34
34,Kyshawn George,2024,Wing,ACC,Miami,#F47321,24,Washington Wizards,WAS,20.52,79,"6'7""",82.25,"6'10.25""",3.25,209,59.58,34.09,33,29,6,65,59,10.439,88,0.79,0.00,0.03,0.34,0.61,0.01,20,35,37,29,34,,19,31,37,41,,53,,39,27,30,27,9,39,,,22,23,34,47,29,18,30,30,,33,27,38,12,44,27,39,45,26,47,32,,,,,48,6,43,49,35,24,51,,41,,47,,19,57,30,45,39,45,29,15,,37,32,37,,30,33,41,40,65,28,33,50,32,,32,44,33,,35,39,29,33,20,23,23,36,,,43,,,33,,47,29,31,32,29,39,51,35,30,28,,35
35,Nikola Djurisic,2024,Wing,Adriatic ABA,KK Mega Basket,#CB2F6D,43,Atlanta Hawks,ATL,20.32,79,"6'7""",80,"6'8""",1,209,58.50,34.15,35,26,4,69,65,12.275,85,0.77,0.00,0.05,0.35,0.58,0.02,50,37,41,40,57,,43,37,25,27,30,49,35,41,26,12,26,,,,,,56,38,40,39,20,15,19,4,47,,40,69,32,41,26,33,,19,25,,,,,25,,24,25,43,27,30,25,26,,36,54,18,36,35,36,13,53,56,,,35,31,32,,,38,44,54,32,12,28,34,26,,46,39,58,,36,26,26,24,,20,,45,,,30,,31,36,,59,35,34,18,24,48,40,26,40,18,39,38
36,Dillon Jones,2024,Wing,Big Sky,Weber State,#4B2682,26,Oklahoma City Thunder,OKC,22.64,76.5,"6'4.5""",83,"6'11""",6.5,237,57.59,35.19,34,30,11,67,56,12.344,85,0.77,0.00,0.02,0.39,0.54,0.05,51,65,47,67,32,,34,40,55,,55,18,36,26,42,34,,,,,33,,40,32,41,57,54,40,,,42,,32,26,23,30,,19,29,60,40,,,,,30,20,11,43,21,39,14,45,34,,21,52,44,25,42,31,30,27,44,16,,29,43,65,40,,22,,17,21,,23,30,37,28,54,29,22,32,26,29,,48,36,30,,42,28,,35,32,,,21,44,30,21,34,36,41,50,30,17,,44,36
37,Isaiah Crawford,2024,Wing,C-USA,Louisiana Tech,#003087,UDFA,Sacramento Kings,SAC,22.6,78,"6'6""",84,"7'0""",6,220,56.62,35.12,32,29,11,73,62,14.953,82,0.74,0.00,0.04,0.41,0.44,0.11,67,56,66,65,73,,47,43,35,23,37,34,39,29,,40,,,,,,,58,35,17,35,64,35,11,,64,,46,29,36,42,28,24,,49,,,,22,,21,,28,14,55,28,16,31,45,,31,28,13,39,39,32,17,24,34,,,32,19,29,,,29,,29,63,18,24,31,33,22,20,19,65,28,22,22,,45,,,,46,49,20,69,,25,,23,26,46,29,39,41,34,19,20,36,,27,37
38,Jamal Shead,2024,Guard,Big 12,Houston,#C8102E,45,Toronto Raptors,TOR,21.99,72.25,"6'0.25""",75,"6'3""",2.75,201,55.18,39.02,39,44,15,73,58,12.406,88,0.79,0.00,0.00,0.26,0.67,0.07,46,31,39,55,35,28,44,44,62,45,18,29,29,59,,51,,,17,18,28,,46,44,68,49,52,48,25,25,31,,50,73,24,39,41,43,31,58,60,,23,,27,40,,55,32,39,45,49,35,44,,51,51,55,46,44,37,27,33,40,,24,45,47,20,15,,,35,23,33,,51,32,,31,29,38,44,,40,,,36,39,,,32,19,,41,,,23,,25,49,46,33,50,35,59,55,28,35,23,41
39,Ajay Mitchell,2024,Guard,Big West,UC Santa Barbara,#FEBC11,38,Oklahoma City Thunder,OKC,21.99,75.25,"6'3.25""",78.25,"6'6.25""",3,197,54.57,35.48,34,34,13,67,54,11.179,77,0.69,0.00,0.03,0.27,0.68,0.03,41,30,43,59,42,,38,32,34,17,50,,,33,,33,37,,,,,,41,33,38,44,35,33,28,,50,,34,27,40,24,31,36,24,55,45,,,,,29,,36,15,32,32,35,34,39,,20,23,67,41,21,22,22,41,55,,,28,34,57,,,,42,25,43,,14,42,34,19,45,31,52,26,20,,,32,,,,34,51,,47,,,,13,55,37,40,44,34,29,20,28,46,,,39
40,Kevin McCullar Jr.,2024,Wing,Big 12,Kansas,#0051BA,56,New York Knicks,NYK,23.27,77.25,"6'5.25""",81,"6'9""",3.75,206,54.36,36.57,36,36,14,62,48,9.361,79,0.71,0.00,0.01,0.25,0.72,0.01,37,55,53,36,36,,30,34,54,37,,38,,50,36,41,30,,,,,,31,26,37,21,31,37,,,26,,44,62,26,45,,35,21,35,44,,,,,36,29,46,28,33,42,52,42,29,,38,36,21,33,34,43,40,57,50,,,46,42,24,,,37,,36,35,19,47,29,28,,26,45,31,25,31,,,50,,,,27,38,,42,31,,,26,40,41,38,42,43,31,28,41,14,39,,40
41,Adem Bona,2024,Big,PAC 12,UCLA,#2D68C4,41,Philadelphia 76ers,PHI,21.23,81.5,"6'9.5""",87.75,"7'3.75""",6.25,243,50.12,39.62,40,41,18,60,42,9.069,74,0.67,0.00,0.00,0.15,0.84,0.01,33,41,32,32,45,,37,41,43,24,35,41,45,38,,39,34,,,,,,27,41,43,53,34,41,,,37,,39,45,18,54,35,54,,46,37,,,,,39,,40,37,41,34,42,40,42,,46,44,33,43,,50,23,36,53,,,48,27,19,,24,,40,47,54,,34,22,42,,60,35,39,,38,,,,,,,33,,,46,,,55,,29,57,42,37,30,28,48,48,55,46,,42
42,Jaylen Wells,2024,Wing,PAC 12,Washington State,#981E32,39,Memphis Grizzlies,MEM,20.82,78.5,"6'6.5""",79.25,"6'7.25""",0.75,206,48.75,40.04,40,39,16,64,48,11.772,71,0.64,0.00,0.00,0.21,0.73,0.06,47,50,42,39,62,,57,38,30,22,44,58,,32,,32,,,,,,,57,55,19,47,58,38,,,61,,51,40,28,38,,42,,24,39,,,,,37,,48,52,64,20,39,51,59,,41,25,16,35,,53,31,46,48,,,33,41,22,,,21,38,52,44,,32,26,39,,39,27,57,31,,40,,,,,,44,,,32,,,42,35,43,38,,48,26,46,21,,25,43,,43
43,Oso Ighodaro,2024,Big,Big East,Marquette,#FFCC00,40,Phoenix Suns,PHX,21.97,81.5,"6'9.5""",83,"6'11""",1.5,222,47.39,43.35,44,47,14,65,51,10.906,75,0.68,0.00,0.01,0.09,0.79,0.11,58,42,19,47,31,,52,45,47,,43,57,47,65,,47,,,,,,,36,43,64,60,39,44,14,,53,,41,39,53,60,,60,,31,41,,,,,49,30,50,44,40,44,53,15,47,,61,41,26,32,,39,45,40,52,,,36,,49,41,27,,39,33,51,,37,46,47,32,59,43,25,,37,36,,,28,,,52,42,,53,35,,,,,,44,,45,38,57,61,42,47,38,45
44,Cam Spencer,2024,Guard,Big East,UConn,#E4002B,53,Memphis Grizzlies,MEM,24.21,75,"6'3""",77,"6'5""",2,202,46.90,45.41,46,58,8,76,68,16.062,79,0.71,0.00,0.03,0.20,0.54,0.23,42,38,68,43,69,,55,58,64,47,29,46,24,53,,66,,,18,12,22,,68,54,57,51,75,65,,,32,,62,25,39,61,,73,,72,29,,20,,23,46,,54,50,58,58,40,48,,,58,,61,45,,60,43,47,76,,26,39,,40,19,28,41,28,22,38,,60,61,45,29,49,46,45,,41,,,,,,,,8,,40,,39,20,,45,28,,54,46,59,43,53,70,42,31,48
45,Cam Christie,2024,Wing,Big 10,Minnesota,#7A0019,46,Los Angeles Clippers,LAC,18.91,76.5,"6'4.5""",80,"6'8""",3.5,190,46.49,42.87,43,45,13,68,55,10.389,71,0.64,0.00,0.01,0.10,0.80,0.08,32,33,44,42,41,,45,36,31,,,13,,49,38,37,36,,,,,,65,59,29,63,44,46,,,36,,45,65,45,49,,34,,52,49,,,,,43,,30,45,47,59,29,,52,,50,34,42,53,,46,,43,41,25,,42,45,68,,,42,,56,41,,35,39,49,,51,42,55,,,37,,28,,,,48,,,29,,32,41,32,34,52,49,56,,47,47,27,45,31,,47
46,Tristen Newton,2024,Guard,Big East,UConn,#E4002B,49,Indiana Pacers,IND,23.15,75.25,"6'3.25""",78.75,"6'6.75""",3.5,192,46.46,44.09,44,41,10,66,56,11.830,74,0.67,0.00,0.01,0.14,0.73,0.12,66,46,63,57,64,,56,51,48,,40,42,44,46,,59,,,32,31,,,50,53,62,33,66,47,,,41,,52,43,,58,36,37,30,44,,,25,,30,50,,37,39,52,48,41,28,53,,28,53,46,42,,,35,38,47,,,41,28,28,,,39,37,44,49,16,38,60,30,,40,56,59,,,,,,32,,,54,10,,48,,,25,,,54,41,58,38,50,49,63,41,,,46
47,Bobi Klintman,2024,Wing,Aus. NBL,Cairns,#DE6237,37,Detroit Pistons,DET,21.29,80.75,"6'8.75""",83,"6'11""",2.25,212,43.92,44.46,46,55,7,77,70,13.507,67,0.60,0.00,0.03,0.10,0.79,0.07,29,36,55,22,38,,41,35,36,,54,,,40,32,44,,7,,,,,29,47,45,38,48,50,,,48,22,29,77,46,50,,63,,57,57,,,,,51,,72,57,50,,55,,33,,69,56,39,56,,40,,50,46,,,49,44,58,,9,,,58,42,,55,55,55,,34,53,38,,,34,,31,,,,38,,,,27,,,,33,51,,57,35,53,42,43,64,23,,49
48,Harrison Ingram,2024,Wing,ACC,North Carolina,#7BAFD4,48,San Antonio Spurs,SAS,21.56,77.25,"6'5.25""",84.25,"7'0.25""",7,234,42.62,45.73,45,54,21,92,71,11.696,66,0.59,0.00,0.00,0.08,0.85,0.08,44,54,35,41,29,27,42,48,,,,35,,45,,36,,,,,,,48,69,66,41,45,45,,,39,,58,42,38,57,,39,,39,,,,,,47,,45,54,45,53,54,54,49,,42,50,56,37,40,54,,64,57,,,51,50,36,,29,,,55,24,,50,36,58,,50,62,34,,,,,34,34,,,49,34,,39,,,21,,37,,35,,49,56,,92,51,38,,51
49,Justin Edwards,2024,Wing,SEC,Kentucky,#0033A0,UDFA,Philadelphia 76ers,PHI,20.51,78,"6'6""",82,"6'10""",4,209,42.28,47.76,51,57,22,81,59,12.045,70,0.63,0.00,0.00,0.11,0.76,0.13,39,58,29,56,28,26,39,52,59,42,,54,,56,,42,,,35,,,,43,49,36,40,24,57,29,,34,,48,81,60,32,42,57,,53,52,,,,,54,,60,59,49,54,56,57,57,,55,42,54,52,,56,,44,25,,,52,36,73,,,,,60,45,,56,58,46,,41,57,50,,,,,40,22,,,58,,,31,,,49,,28,45,,,59,55,32,57,63,49,,55
50,Melvin Ajinca,2024,Wing,French LNB Élite,Saint-Quentin,#194187,51,Dallas Mavericks,DAL,19.98,79.25,"6'7.25""",79.5,"6'7.5""",0.25,214,41.86,46.29,48,53,19,74,55,12.172,65,0.59,0.00,0.00,0.11,0.74,0.15,48,57,46,44,53,,60,47,44,20,56,55,,35,,35,,,,,,21,38,60,59,56,46,55,,,63,,33,53,42,64,19,50,,54,51,,,,,31,,41,21,53,52,57,47,43,,49,48,37,44,,41,32,51,74,,,,23,,,,,,,28,,49,64,48,,65,48,64,,42,,,35,,,,43,,,59,,,40,,27,56,,53,,,46,37,44,,,53
51,N'Faly Dante,2024,Big,PAC 12,Oregon,#154733,UDFA,Houston Rockets,HOU,22.67,82,"6'10""",90,"7'6""",8,260,41.25,47.50,52,62,9,78,69,16.915,66,0.59,0.00,0.03,0.20,0.47,0.30,68,63,64,62,59,,,67,,,21,,21,54,39,74,,,26,16,21,,53,48,53,55,62,60,,,,,54,64,52,62,,46,,65,48,,22,,22,52,,51,58,65,60,44,29,,,57,,62,61,,,,,37,,25,55,,44,,17,43,25,46,78,,,45,,,62,,29,,,,,,40,,,37,9,,50,,36,12,,50,58,,52,58,60,,56,75,,24,52
52,Jalen Bridges,2024,Wing,Big 12,Baylor,#154734,UDFA,Phoenix Suns,PHX,23.1,78.75,"6'6.75""",82,"6'10""",3.25,213,39.62,49.23,50,59,22,90,68,11.097,65,0.59,0.00,0.00,0.05,0.77,0.18,53,52,48,46,43,,46,56,46,,39,56,,51,31,58,,,30,30,,,45,45,32,32,36,52,,,59,,47,54,,44,,56,,42,,,,,,55,,64,60,51,,58,55,54,,44,,59,59,43,48,,58,32,,,,,51,,,,49,50,48,,59,59,43,,35,65,56,,,,,47,,,,60,33,,68,,,38,,57,55,,22,,49,44,90,50,44,,59
53,Ulrich Chomche,2024,Big,NBA BAL,NBA Academy Africa,#39814E,57,Toronto Raptors,TOR,18.47,82.25,"6'10.25""",88,"7'4""",5.75,232,39.60,50.03,50,54,7,88,81,15.299,67,0.60,0.00,0.01,0.04,0.67,0.27,43,82,54,60,72,,59,55,32,43,,21,48,62,,52,,,,32,,,7,39,63,67,55,62,,,,,78,83,54,56,32,41,,69,38,,31,,,53,,29,31,57,50,45,56,38,,63,35,71,54,33,44,,59,59,,,38,49,,,,44,,,88,,40,37,60,,57,50,42,,,,,46,,,,51,,,52,,27,44,,,48,,46,54,45,,76,58,,33,
54,PJ Hall,2024,Big,ACC,Clemson,#F56600,UDFA,Denver Nuggets,DEN,22.33,80.25,"6'8.25""",85.5,"7'1.5""",5.25,240,38.57,48.10,49,56,27,68,41,9.958,59,0.53,0.00,0.00,0.03,0.81,0.15,61,45,61,63,56,,40,54,,,34,47,,58,,60,,,,,,,35,50,48,45,37,49,,,43,,56,41,,59,,53,,40,54,,,,,57,,56,48,36,,60,49,36,,43,32,47,62,,49,,39,43,,,,,,28,,,50,38,39,,57,68,56,,43,64,27,,,,,,,,,,35,,44,,,,,58,36,,49,56,33,55,,54,,46,56
55,Pelle Larsson,2024,Wing,PAC 12,Arizona,#CC0033,44,Miami Heat,MIA,23.32,77.25,"6'5.25""",79.5,"6'7.5""",2.25,212,38.00,47.96,48,48,16,92,76,12.019,57,0.51,0.00,0.00,0.05,0.75,0.19,45,49,50,37,54,,54,46,,46,51,60,,52,16,48,,,,,,,49,37,42,36,61,54,,,51,,53,48,37,40,,49,,43,,,,,,59,,47,,68,37,48,,48,,45,26,,49,,51,,61,92,,,43,48,67,,,,,39,53,,44,35,,,64,69,51,,,,,,,,,,29,,60,,,,,,,,40,,36,31,47,38,41,,60
56,Reece Beekman,2024,Guard,ACC,Virginia,#F84C1E,UDFA,Golden State Warriors,GSW,22.7,73.25,"6'1.25""",78.5,"6'6.5""",5.25,196,37.78,50.86,51,61,22,100,78,14.433,63,0.57,0.00,0.00,0.08,0.62,0.30,70,61,59,70,63,,,64,56,,52,22,38,,,61,,,27,28,35,,,72,58,59,67,67,,,,,66,100,47,69,,61,,41,50,,33,,,41,,44,46,54,57,47,38,,,,39,69,,,,41,34,51,,,56,,63,36,,,48,48,40,,58,40,57,,47,40,61,,,,,,,,,55,27,,54,,,50,,42,31,45,55,,52,,72,48,,22,
57,Trey Alexander,2024,Guard,Big East,Creighton,#005CA9,UDFA,Denver Nuggets,DEN,21.13,75.25,"6'3.25""",82.5,"6'10.5""",7.25,187,37.33,49.36,51,46,20,97,77,13.715,58,0.52,0.00,0.00,0.10,0.71,0.19,62,44,20,66,44,22,53,61,23,,49,,46,,,57,,,,,,,42,56,67,43,57,58,,,46,,55,50,,46,40,55,23,56,46,,,,,56,,52,51,31,38,59,60,55,,67,31,49,50,,58,,26,62,,,,,,,,,36,51,57,,,,53,,58,51,47,,,,,,25,,,,50,,97,,,,,,,36,,,61,58,67,43,,41,
58,Keshad Johnson,2024,Wing,PAC 12,Arizona,#CC0033,UDFA,Miami Heat,MIA,22.99,78.25,"6'6.25""",82.25,"6'10.25""",4,224,35.45,49.70,50,49,27,75,48,10.229,53,0.48,0.00,0.00,0.04,0.77,0.19,49,51,72,53,51,,48,49,61,,,,,43,,50,,,,,,,61,57,52,54,40,64,27,,55,,63,35,,52,,64,,45,56,,,,,,,49,,62,40,,,,,39,,45,60,36,38,,,,,,53,,,,,30,,,37,,41,53,44,,44,49,53,,,,,,,,,41,44,,34,,,57,,,47,,47,,58,52,75,61,36,,57
59,Juan Núñez,2024,Guard,German BBL,Ratiopharm Ulm,#D74F37,36,San Antonio Spurs,SAS,20.04,76,"6'4""",78.5,"6'6.5""",2.5,190,35.41,48.76,47,36,28,75,47,12.092,51,0.46,0.00,0.00,0.06,0.67,0.27,36,47,38,50,47,,50,57,40,,,,,47,,,,,,,,,,61,49,61,42,43,,,45,,37,61,50,55,,59,,36,33,,,,,,,65,,34,46,,53,,,70,43,68,51,,59,,42,39,,,,,75,,,,,32,60,,,66,,,70,67,40,,,,,29,,,,40,,,36,,28,43,,46,44,28,,51,,,60,,,,58
60,AJ Johnson,2024,Guard,Aus. NBL,Illawarra,#A52119,23,Milwaukee Bucks,MIL,19.55,76.25,"6'4.25""",80.5,"6'8.5""",4.25,167,34.86,49.57,50,53,31,86,55,12.780,51,0.46,0.00,0.00,0.00,0.80,0.20,35,32,40,54,46,,32,50,53,,,,,64,37,53,31,,,,,,,51,34,46,43,61,,,44,,36,86,,36,,51,,73,53,,,,,,,57,,37,56,50,,58,,62,,31,55,,47,,63,58,,,47,,,,,,,,,,48,70,,,42,59,,,,,,,,,,59,,,84,,34,,,53,50,,36,47,57,37,38,52,,,
61,Enrique Freeman,2024,Big,MAC,Akron,#A89968,50,Indiana Pacers,IND,23.91,79.25,"6'7.25""",86,"7'2""",6.75,212,31.52,53.06,51.5,48,22,100,78,14.070,48,0.43,0.00,0.00,0.02,0.65,0.33,57,60,46,51,50,,,53,48,44,48,45,,44,,62,,,,,,,55,52,65,68,56,39,,,62,,65,67,,48,,78,,37,43,,,,,,,88,,100,47,,,56,,59,,63,,41,34,,62,63,,,,,,38,,,,,58,,45,,52,,37,63,,,,,,,,,,,22,,65,,,,,,32,,43,,43,,44,49,,,
62,Judah Mintz,2024,Guard,ACC,Syracuse,#F76900,UDFA,Philadelphia 76ers,PHI,20.95,76,"6'4""",75.5,"6'3.5""",-0.5,176,31.26,55.75,54,60,22,99,77,15.800,53,0.48,0.00,0.00,0.02,0.57,0.42,81,74,65,68,74,,,66,47,,60,36,41,60,,55,,,,,,,63,66,69,73,60,51,22,,,,60,95,49,,,38,,75,42,,,,,44,,42,38,88,43,36,,,,64,,50,48,,,,56,54,,,,,,,,,45,53,66,,54,,51,,53,58,62,,,,,,33,,,39,,,61,,,,31,51,,,,39,54,,99,53,,,
63,Bronny James,2024,Guard,PAC 12,USC,#990000,55,Los Angeles Lakers,LAL,19.64,73.5,"6'1.5""",79.25,"6'7.25""",5.75,210,31.02,56.11,55,55,26,79,53,11.274,53,0.48,0.00,0.00,0.02,0.60,0.38,55,72,52,58,55,,,59,51,,,48,,55,,63,,,,,,,,70,75,65,50,77,,,57,,79,66,34,65,37,48,,78,,,,,,,,53,53,66,,43,52,,,60,47,52,47,,55,,60,72,,,54,,45,,,,,,73,,52,44,54,,63,55,66,,,,,,26,,,56,,,51,,35,,,,,,59,,51,53,49,59,,,
64,Anton Watson,2024,Wing,WCC,Gonzaga,#C8102E,54,Boston Celtics,BOS,23.7,80,"6'8""",84,"7'0""",4,228,29.28,54.50,53.5,58,22,93,71,15.380,44,0.40,0.00,0.00,0.09,0.57,0.34,75,64,70,61,61,,,70,58,,46,,43,,,80,,,,,,,59,58,50,,88,56,,,,,68,93,,,,,,51,,,,,,58,,71,,42,,,46,,,53,,25,,,,38,67,,,,,,55,22,,45,46,,72,,,,50,,52,52,,,,,,,,,,53,26,,55,,30,37,,49,59,,,,,54,50,,,40,
65,Trentyn Flowers,2024,Wing,Aus. NBL,Adelaide,#DA3739,UDFA,Los Angeles Clippers,LAC,19.28,78.5,"6'6.5""",80.25,"6'8.25""",1.75,201,28.13,57.30,57,56,20,85,65,14.359,46,0.41,0.00,0.00,0.02,0.50,0.48,56,73,45,45,52,,49,69,60,,,,,63,,54,,,,,,,,67,60,42,38,66,,,56,,61,79,,51,,77,,50,,,,,,60,,80,56,56,,,,50,,74,20,66,58,,,,52,81,,,,,,,,36,,,74,,,,,,61,72,63,,,,,43,,,,,,,,33,,60,,56,,,,52,,35,85,67,33,,
66,Antonio Reeves,2024,Wing,SEC,Kentucky,#0033A0,47,New Orleans Pelicans,NOP,23.58,76.5,"6'4.5""",80.25,"6'8.25""",3.75,187,27.44,56.91,57,54,26,95,69,13.587,43,0.39,0.00,0.00,0.02,0.53,0.44,54,40,67,49,49,,51,62,,,58,,,48,,65,,,37,,,,47,62,70,50,87,70,,,54,26,,71,,43,,40,,59,55,,,,,,,63,,60,,,,,,54,,58,,,,,66,49,,,,,62,,,,47,,,,,69,,,72,68,43,,,,,,38,,,57,,,71,,,,,,,,,44,,45,95,72,,,
67,Riley Minix,2024,Wing,OVC,Morehead State,#FFCF00,UDFA,San Antonio Spurs,SAS,23.76,79.5,"6'7.5""",81.5,"6'9.5""",2,230,26.13,56.92,58,55,20,91,71,16.707,39,0.35,0.00,0.00,0.08,0.44,0.49,71,68,,,75,,,65,50,,42,40,37,,,70,,,,20,36,,66,75,55,74,,63,,,,,64,58,59,,,69,,76,,,26,,,,,58,,76,55,,39,32,,48,,,,,,,,79,,,,,,23,,,,,56,,,,,,69,60,,,,,,,,,,,54,,91,,,,,,68,,,55,,,,56,,42,
68,Jaylin Williams,2024,Wing,SEC,Auburn,#E87722,UDFA,Denver Nuggets,DEN,23.92,80.25,"6'8.25""",84,"7'0""",3.75,238,24.61,56.53,58.5,74,15,84,69,17.230,34,0.31,0.00,0.00,0.06,0.44,0.50,84,81,74,,,,,74,,,38,,,42,,,,,31,,,,62,46,56,,,72,,,,,67,38,,53,,,,63,,,,,,,,74,,48,,,58,,,65,49,38,,,,,65,,,,,,35,29,,,,43,84,,,,59,,73,74,,,,,,,,,,,15,,57,,,59,,,,,,,,,45,71,,,
69,Dylan Disu,2024,Big,Big 12,Texas,#BF5700,UDFA,Toronto Raptors,TOR,23.63,81,"6'9""",84,"7'0""",3,225,20.93,59.32,61,74,18,92,74,20.188,28,0.25,0.00,0.00,0.07,0.36,0.57,74,88,,,,,,88,,,47,,,,,44,,,,26,,,,65,92,,73,53,,,,,82,,,,,62,,68,,,,,,,,59,,77,,,,,,73,,,,,,,,67,,,,35,34,32,,,,,,,,38,,,74,54,,,,,,,,,,,18,,,,,46,,,60,,50,,,,82,,,,
70,David Jones,2024,Wing,American,Memphis,#003087,UDFA,Philadelphia 76ers,PHI,22.58,75.5,"6'3.5""",78.75,"6'6.75""",3.25,210,20.52,60.86,63,79,27,83,56,15.629,29,0.26,0.00,0.00,0.03,0.41,0.55,79,83,69,,71,,,79,,,45,37,,57,,,,,,,,,51,63,82,64,69,,,,,,71,,,68,,74,,,,,,,,,,75,47,63,,,50,,,,,,,,,,,27,,,,,,,,,,,55,,,,,,83,75,46,,,,,,,,,,39,,,,,56,,,,,,,,,40,47,,,
71,Quinten Post,2024,Big,ACC,Boston College,#98002E,52,Golden State Warriors,GSW,24.25,84,"7'0""",86.5,"7'2.5""",2.5,244,19.68,64.91,68,70,40,89,49,12.125,33,0.30,0.00,0.00,0.00,0.30,0.70,60,48,73,48,68,,,63,,,57,,,,,67,,,,,,,,71,71,70,70,79,,,58,,72,82,,,,70,,79,,,,,,,,89,,69,,,,,,68,,,,,,,,,,,,,,,,,,,59,,,,,,68,70,,,,,,42,,,,,40,,87,,,54,,54,,,,57,,,65,69,,45,
72,Ariel Hukporti,2024,Big,Aus. NBL,Melbourne United,#2253F5,58,New York Knicks,NYK,22.19,82.75,"6'10.75""",86.5,"7'2.5""",3.75,246,19.54,64.03,63,58,48,93,45,9.891,31,0.28,0.00,0.00,0.00,0.42,0.58,63,59,58,64,58,,58,78,57,,,,,,,68,,,,,,,52,,54,71,93,78,,,65,,57,,57,67,,,,66,58,,,,,,,84,,67,,,,,,,,,65,,57,,,,,,,,56,,,,,,75,,,,,,56,73,60,,,,,,,,,,,,63,,,48,,,,,,,,,,,,,
73,Mantas Rubstavicius,2024,Wing,Aus. NBL,New Zealand,#DA73A4,UDFA,Golden State Warriors,GSW,22.12,79.25,"6'7.25""",79.25,"6'7.25""",0,200,15.58,66.00,65.5,66,46,86,40,10.484,22,0.20,0.00,0.00,0.00,0.27,0.73,64,66,,69,60,,,72,,,,,,,,56,,,,,,,,,80,72,,59,,,,,86,46,58,,,,,80,,,,,,,,69,,,,,,,,,55,,66,,,,,82,,,,,,,,,,59,77,,,57,,,,,54,,,,,,,,,,,,,,,,,,65,,,,,,,,,,
74,Jaedon LeDee,2024,Wing,Mountain West,San Diego State,#A6192E,UDFA,Minnesota Timberwolves,MIN,24.92,79.75,"6'7.75""",83,"6'11""",3.25,240,15.24,66.77,71.5,73,23,100,77,20.045,22,0.20,0.00,0.00,0.05,0.23,0.73,88,86,,,,,,100,,,59,,,,,,,,,,,,,73,77,,,68,,,,,70,,,,,76,,62,,,,,,,,87,,87,,,,,,,40,,,,,,,,,,,,38,39,,,,,46,,,,,,84,61,,,,,,,,,,,23,,79,,,53,,,,,,,,,,73,,,
75,Isaac Jones,2024,Big,PAC 12,Washington State,#981E32,UDFA,Sacramento Kings,SAC,23.88,79.75,"6'7.75""",87,"7'3""",7.25,245,14.98,66.57,66,60,48,80,32,8.004,21,0.19,0.00,0.00,0.00,0.10,0.90,59,69,60,,67,,,60,,,,,,,,64,,,,,,,,74,61,,65,,,,,,76,,,,,71,,77,,,,,,,,66,,72,,,,,,71,,60,,,,,,80,,,,,,,,,,,,,,56,,,76,66,,,,,,,,,,,48,,,,,,,,,,,,,,,,,,
76,Malevy Leons,2024,Big,MVC,Bradley,#A50000,UDFA,Oklahoma City Thunder,OKC,24.75,81,"6'9""",85,"7'1""",4,210,14.64,67.33,71,84,39,94,55,14.267,21,0.19,0.00,0.00,0.00,0.33,0.67,94,84,,,,,,71,,,,,,,,,,,,,,,64,64,73,,,,,,,,83,49,,,,68,,,,,,,,,,81,,84,,,,51,,56,,57,,,,,54,73,,,,,39,,,,,,,,,49,,,75,,,,,,,,,,,,,,,,,,,,,,,,,,71,74,,,
77,Zyon Pullin,2024,Guard,SEC,Florida,#FA4616,UDFA,Miami Heat,MIA,23.31,75.5,"6'3.5""",77.75,"6'5.75""",2.25,205,14.63,68.14,67,67,48,100,52,12.804,22,0.20,0.00,0.00,0.00,0.18,0.82,82,62,62,52,70,,,76,,,,,,,,,,,,,,,67,,100,,90,74,,,52,,80,63,48,63,,67,,,,,,,,,,67,,70,,,,,,,,72,,,,,,,,,,,,,,,,,,,,63,,,71,,,,,,,,,,,,,,,,,,,,,,,,,,,,48,,
78,Armel Traoré,2024,Wing,French LNB Élite,ADA Blois,#2B633C,UDFA,Los Angeles Lakers,LAL,21.4,80,"6'8""",87,"7'3""",7,215,13.35,68.74,67,76,51,95,44,11.756,19,0.17,0.00,0.00,0.00,0.21,0.79,65,76,57,,66,,,75,63,,,,,,,69,,,,,,,,,51,,,80,,,,,95,,,66,,,,61,,,,,,,,86,,78,,,,,,52,,,,,,,,71,,,,,,,,,,,76,,,67,,,,,,,,,,,,,,,,,,,,,,,,,,,,,52,,,,
79,Ajare Sanni,2024,Guard,Polish OBL,Warszawa,#C0B59E,UDFA,ART Giants Düsseldorf,Düsseldorf,23.34,75,"6'3""",N/A,N/A,N/A,180,12.71,46.33,43.5,38,38,61,23,9.395,6,0.05,0.00,0.00,0.00,0.83,0.17,,,,,,,,,,,,,,,,,,,,,,,,,,,,,,,,,,,,,,,,,,,,,,,,,,,,,,,,,,,,,,,,,,,,,46,,,,,,,,,,,,,,,,,,,,,,,,,,38,,,,,41,61,,38,,,,,,,,54
80,Drew Pember,2024,Big,Big South,UNC Asheville,#003DA5,UDFA,Memphis Grizzlies,MEM,24.04,82.75,"6'10.75""",82,"6'10""",-0.75,215,12.15,69.00,72,87,31,100,69,20.020,16,0.14,0.00,0.00,0.00,0.19,0.81,100,,,,,,,87,,,41,,,,,78,,,,,,,,,87,,,,,,,,73,68,,,,,,,,,,,,,,97,,,,,59,,,72,,,,,,,,75,,,,,72,31,,,,,,,,,,,,,,,,,,,,,,,36,,,,,,,,64,,,,,,64,,,,
81,Blake Hinson,2024,Wing,ACC,Pittsburgh,#003594,UDFA,Los Angeles Lakers,LAL,23.5,77.75,"6'5.75""",82.5,"6'10.5""",4.75,230,11.65,71.24,71,71,42,91,49,12.916,17,0.15,0.00,0.00,0.00,0.12,0.88,73,71,,,65,,,80,,,,,,,,70,,,,,,,,,85,69,,,,,,,77,89,,,,80,,71,,,,,,,,,,91,,,,,,,,,,,,47,68,,,,,,,,,,,,,,,,,,,71,,,,,,,,,,,,,,,,,,,,,,,,,42,62,,,
82,Emanuel Miller,2024,Wing,Big 12,TCU,#4D1979,UDFA,Chicago Bulls,CHI,24.02,78,"6'6""",81,"6'9""",3,215,11.40,71.88,74,80,48,92,44,11.963,17,0.15,0.00,0.00,0.00,0.18,0.82,80,80,,,,,,85,,,,,,,,76,,,,,,,69,68,74,,,76,,,,,59,74,,,,,,,,,,,,,,83,,81,,,,,,,,,,,,,55,,,,,,48,,,,,,92,,,,,,66,,,,,,,,,,,,,,,,,,,,,,,,,56,,,,,
83,Tristan Enaruna,2024,Wing,Horizon,Cleveland State,#006747,UDFA,Boston Celtics,BOS,23,80.25,"6'8.25""",85,"7'1""",4.75,220,11.34,71.13,70.5,74,36,99,63,16.864,16,0.14,0.00,0.00,0.00,0.13,0.88,98,99,,,,,,68,,,,,,,,,,,,,,,,,72,,,,,,,,74,47,,70,,,,74,,,,,,,,61,,85,,,,,,,,,64,,,,,36,,,,,,,,,,,71,,,,,,67,,,,,,,,,,,,,,92,,,,,,,,,,,60,,,,,
84,Cameron Matthews,2024,,,,,UDFA,,,,,,,,,,11.01,43.00,45,50,32,50,18,8.718,4,0.04,0.00,0.00,0.00,1.00,0.00,,,,,,,,,,,,50,,,,,,,,,,,,,,,,,,,,,,,,,,,,,,,,,,,,,,,,,,,,,,,,,,,,,,,,,,,,,,,,,,,,,,,,,,,,,,,,,,,,,,,,,40,,,32,,,,,,,50
85,Casey Morsell,2024,,,,,UDFA,,,,,,,,,,10.82,44.00,43,#N/A,39,51,12,5.099,4,0.04,0.00,0.00,0.00,1.00,0.00,,,,,,,,,,,,,,,,,,,,,,,,,,,,,,,,,,,,,,,,,,,,,,,,,,,,,,,,,,,,,,,,,,,,,42,,,,,,,,,,,,,,,,,,,,,,,,,,,,,,,,,,51,,,,39,,,,44
86,Spencer Jones,2024,Wing,PAC 12,Stanford,#8C1515,UDFA,Denver Nuggets,DEN,24.49,79,"6'7""",83,"6'11""",4,225,10.14,70.17,73,#N/A,30,99,69,18.761,12,0.11,0.00,0.00,0.08,0.08,0.83,72,78,,,,,,86,,,,,,,,,,,,,,,60,,76,,,69,,,,,85,99,,,,,,70,,,,,,,,,,,,,,,,,,,,,,,,,,,,,43,,,,,,,,,,,,,,,,,,,,,,,,,,74,,,,,,,,,,,30,,,,,
87,Eric Gaines,2024,Guard,American,UAB,#006341,UDFA,Boston Celtics,BOS,23.42,73.25,"6'1.25""",79.5,"6'7.5""",6.25,165,9.92,73.07,78,90,34,98,64,19.975,14,0.13,0.00,0.00,0.00,0.29,0.71,93,90,,,,,,98,,,,,,,,,,,,,,,,,,,53,,,,,,91,,,,,65,,67,,,,,,,,76,,80,,,,,,,,,,,,,,90,,,,,54,,,,,34,,,,,,,,,,,,,,,,,,,,,85,,,,,,,47,,,,,,,,,
88,Jesse Edwards,2024,Big,Big 12,West Virginia,#EAAA00,UDFA,Minnesota Timberwolves,MIN,24.28,83.5,"6'11.5""",89,"7'5""",5.5,236,9.85,74.20,71,70,54,91,37,10.136,15,0.14,0.00,0.00,0.00,0.07,0.93,69,70,,,,,,77,,,,,,,,71,,,,,,,,,91,,78,71,,,,,75,,,,,,,64,,,,,,,,90,,90,,,,,,75,,,,,,,,,,,,,,,,,,,70,,,54,,,,,,,,,,,,,,,,,,,,,,,,,,,,,,68,,,
89,LJ Cryer,2024,,,,,UDFA,,,,,,,,,,9.81,41.33,33,#N/A,32,59,27,15.308,3,0.03,0.00,0.00,0.00,0.67,0.33,,,,,,,,,,,,,,,,,,,,,,,,,,,,,,,,,,,,,,,,,,,,,,,,,,,,,,,,,,,,,,,,,,,,,,,,,,,,,,,,,,,,,,,,,,,,,32,,,,,,,,,,,,,,59,,,,33
90,Boogie Ellis,2024,Guard,PAC 12,USC,#990000,UDFA,Sacramento Kings,SAC,23.54,72.75,"6'0.75""",79,"6'7""",6.25,190,9.71,75.44,77.5,60,43,94,51,14.408,16,0.14,0.00,0.00,0.00,0.13,0.88,78,77,,,,,,82,,,,,,,,,,,,,,,,,94,58,68,75,,,60,,81,,,,,,,,,,,,,,,92,,89,,,,,,,,43,,,,,,93,,,,,,,,,,,,,,,,,81,,,,,,,,,,,,,,76,,,,,,,,,,,,,60,,,
91,Babacar Sane,2024,Wing,G League,G League Ignite,#8C2A93,UDFA,Utah Jazz,UTA,20.77,78.75,"6'6.75""",86.5,"7'2.5""",7.75,230,8.82,75.23,75,66,55,96,41,10.733,13,0.12,0.00,0.00,0.00,0.08,0.92,89,,,,,,,96,,,,,,,,72,,,,,,,,,,66,71,,,,,,,55,,,,75,,,,,,,,,,82,,75,,,,,,,,70,,,,,,84,,,,,66,,,,,,,,,,,,77,,,,,,,,,,,,,,,,,,,,,,,,,,,,,,
92,Kevin Cross,2024,Wing,American,Tulane,#006747,UDFA,Charlotte Hornets,CHA,24.43,80,"6'8""",,,,225,8.02,66.50,61.5,#N/A,46,95,49,18.791,6,0.05,0.00,0.00,0.00,0.33,0.67,,,,,,,,,,,,,,,,,,,,,,,,,,,,,,,,,,52,,,,,,,,,,,,,,,,61,,,,,,,,,,,,46,,,,,,,,,,,,,95,,,,,,,,,,,,,,,,,,,,,,,,,,62,,,,,,83,,,,
93,Nae'Qwan Tomlin,2024,Big,American,Memphis,#003087,UDFA,Cleveland Cavaliers,CLE,23.5,80.25,"6'8.25""",86.5,"7'2.5""",6.25,205,7.95,74.50,72.5,73,62,97,35,11.816,10,0.09,0.00,0.00,0.00,0.00,1.00,77,,,,,,,73,,,,,,,,73,,,,,,,,,97,,72,,,,,,69,,,,,,,,,,,,,,,62,,93,,,,,,66,,,63,,,,,,,,,,,,,,,,,,,,,,,,,,,,,,,,,,,,,,,,,,,,,,,,,,,,
94,Armando Bacot,2024,Big,ACC,North Carolina,#7BAFD4,UDFA,Memphis Grizzlies,MEM,24.31,81,"6'9""",85,"7'1""",4,240,7.93,69.43,57,52,52,92,40,19.060,7,0.06,0.00,0.00,0.00,0.57,0.43,,,,,,,,,,,,52,,,,,,,,,,,,,,,92,,,,,,89,,,,,,,,,,,,,,,,,,,,,,,,,,,,,,,88,,,,,,,,,,57,,,,,,,,,,,,,,,,,,,52,,56,,,,,,,,,,,,,,,,
95,Jahmir Young,2024,Guard,Big 10,Maryland,#E03A3E,UDFA,Denver Nuggets,DEN,23.72,72.75,"6'0.75""",76.5,"6'4.5""",3.75,185,7.56,55.00,61,#N/A,29,75,46,23.580,3,0.03,0.00,0.00,0.33,0.00,0.67,,,,,,,,,,,,,,,,,,,,,,,,,,,,,,,,,,75,,,,,,,,,,,,,,,,,,,,,,,,,,,,,,,,,,,,,,,,,61,,,,,,,,,,,,,,,,,,,,,,,29,,,,,,,,,,,,,
96,Cui Yongxi,2024,Wing,Chinese CBA,Guangzhou,#AC2F25,UDFA,Portland Trail Blazers,POR,21.08,78.5,"6'6.5""",81,"6'9""",2.5,202,7.34,75.22,73,#N/A,57,96,39,12.667,9,0.08,0.00,0.00,0.00,0.11,0.89,,,,,,,,,,,,,,,,,,,,,,,,,89,,,,,,,,,96,,,,,,,,,,,,,,73,,74,,,,,,,57,65,,,,,,66,,,,,71,,,,,,,,,,,,,,,,,,,,,,,,,,86,,,,,,,,,,,,,,,,
97,Quinn Ellis,2024,Guard,Italian Serie A,Trento,#2F353F,UDFA,Portland Trail Blazers,POR,21.24,76,"6'4""",80.5,"6'8.5""",4.5,194,6.30,81.83,82.5,76,47,97,50,14.128,12,0.11,0.00,0.00,0.00,0.08,0.92,76,87,,,,,,93,,,,,,,,77,,,,,,,,,95,,76,,,,,,97,,,,,72,,,47,,,,,,,,,95,,,,,,,,,,,,,,78,,,,,,,,,,,89,,,,,,,,,,,,,,,,,,,,,,,,,,,,,,,,,,,,
98,Vonterius Woolbright,2024,Wing,Southern,Western Carolina,#592C88,UDFA,Houston Rockets,HOU,23.72,77.25,"6'5.25""",78.5,"6'6.5""",1.25,215,6.17,68.50,65.5,#N/A,51,92,41,18.157,4,0.04,0.00,0.00,0.00,0.50,0.50,,,,,,,,,,,,,,,,,,,,,,,,,,,,,,,,,92,51,,,,,,,,,,,,,,,,73,,,,,,,,,,,,,,,,,,,,,,,,,,,,,,,,,,,,,,,,,,,,,58,,,,,,,,,,,,,,,,
99,Boo Buie,2024,Guard,Big 10,Northwestern,#4E2A84,UDFA,New York Knicks,NYK,23.55,74,"6'2""",,,,180,5.93,69.75,63.5,#N/A,54,98,44,19.704,4,0.04,0.00,0.00,0.00,0.25,0.75,,,,,,,,,,,,,,,,,,,,,,,54,,,,,,,,,,,59,,,,,,,,,,,,,,,,,,,,,,,,,,,,,,68,,,,,,,,,,,,,,,,,,,,,,,,,,,,,,,,,,,,,,,,,,,98,,,,
100,Marcus Domask,2024,Wing,Big 10,Illinois,#E84A27,UDFA,Chicago Bulls,CHI,23.8,78.25,"6'6.25""",78.5,"6'6.5""",0.25,211,5.92,80.22,83,83,47,100,53,16.888,9,0.08,0.00,0.00,0.00,0.11,0.89,83,93,,,,,,,,,,,,,,,,,,,,,,,,,,73,,,,,,88,,,,,,,,,,,,,,100,,,,,,,,,,,,,,,,83,,,,,,,,,,,93,,,,,,,,,,,,,,,,,,,,62,,,,,,,,,,,,,,,47,
101,Isaiah Stevens,2024,Guard,Mountain West,Colorado State,#1E4D2B,UDFA,Miami Heat,MIA,23.65,71,"5'11""",76,"6'4""",5,185,5.91,81.30,82,#N/A,59,97,38,12.772,10,0.09,0.00,0.00,0.00,0.00,1.00,86,67,71,,,,,97,,,,,,,,,,,,,,,,,79,,,,,,,,84,,,,,,,,,,,,,,,96,,59,,,,,,,,,,,,,,94,,,,,,,,,,,,,,,,,80,,,,,,,,,,,,,,,,,,,,,,,,,,,,,,
102,DeMarcus Sharp,2024,,,Austin Peay,,UDFA,,,,,,,,,,5.86,65.33,63,#N/A,58,75,17,8.737,3,0.03,0.00,0.00,0.00,0.33,0.67,,,,,,,,,,,,,,,,,,,,,,,,,,,,,,,,,,,,,,58,,,,,,,,,,,,,,,,,,,,,,,,,,,,,,,,,,,,,,,,,,,,,,,,,,,,,,,,,75,,,,,,63,,,,,,,,,,
103,Keion Brooks Jr.,2024,Wing,PAC 12,Washington,#4B2E83,UDFA,New Orleans Pelicans,NOP,23.88,78.75,"6'6.75""",82.5,"6'10.5""",3.75,210,5.65,74.40,83,#N/A,42,91,49,19.920,5,0.05,0.00,0.00,0.00,0.20,0.80,,91,,,,,,,,,,,,,,,,,,,,,,,,,,,,,,,,,,,,,,,,,,,,,,,,,,,,,,,,,,,,,,42,,,,,,,,,,,87,,,,,,,,,,,,,,,,,,,,83,,,,,,,,,,,,69,,,,
104,Daniss Jenkins,2024,Guard,Big East,St. John's,#BA0C2F,UDFA,Detroit Pistons,DET,22.85,75.25,"6'3.25""",78.5,"6'6.5""",3.25,165,5.60,78.71,80,#N/A,47,97,50,16.590,7,0.06,0.00,0.00,0.00,0.14,0.86,,,,,,,,,,,,,,,,,,,,,,,,,90,,,,,,,,,,,,,,,,,,,,,,,78,,97,,,,,,,,,,,,,,89,,,,,,,,,,,80,,,,,,,,,,,,,,,,,,,,,,,47,,,,,,,,,70,,,,
105,Daniel Onwenu,2024,,Brazil NBB,Corinthians,,UDFA,,,,,,,,,,5.55,71.75,68.5,#N/A,54,96,42,17.595,4,0.04,0.00,0.00,0.00,0.25,0.75,,,,,,,,,,,,,,,,,,,,,,,,,,,,,,,,,,,,,,,,,,,,,,,,,,,,,,,,,,,,,,,,70,,,,,,,,,,,,,,,,,,,,,,,,,,,,,,,96,,,,,,67,,,,,,54,,,,
106,Jamarion Sharp,2024,Big,SEC,Ole Miss,#CE1126,UDFA,Dallas Mavericks,DAL,22.83,87.75,"7'3.75""",93,"7'9""",5.25,235,5.46,72.25,69,#N/A,64,87,23,10.404,4,0.04,0.00,0.00,0.00,0.00,1.00,,,,,,,,,,,,,,,,,,,,,,,,,,,,,,,,,,,,,,,,,,,,,,,,,,,,,,,,,,,,,,,,,,,,,64,,,,,,,,,,,,,,,,,,,,,,,,,,72,,,,,,66,,,,,,87,,,,
107,Tyrece Radford,2024,Wing,SEC,Texas A&M,#500000,UDFA,San Antonio Spurs,SAS,25.18,73.5,"6'1.5""",81,"6'9""",7.5,200,5.37,61.00,61,61,61,61,0,0.000,2,0.02,0.00,0.00,0.00,0.00,1.00,,,,,,,,,,,,,,,,,,,,,,,,,,,,,,,,,,,,,,,,,,,,,,,,,,,,,,,,,,,,,,,,61,,,,,61,,,,,,,,,,,,,,,,,,,,,,,,,,,,,,,,,,,,,,,,,,
108,Yannick Kraag,2024,Wing,Spanish ACB,Joventut,#009846,UDFA,Joventut (returned),Joventut,21.69,78.5,"6'6.5""",85,"7'1""",6.5,207,5.34,81.13,80,96,56,96,40,13.065,8,0.07,0.00,0.00,0.00,0.13,0.88,96,79,,,,,,89,,,,,,,,75,,,,,,,,,96,,,,,,,,,56,,,,,,,,,,,,,,,,,,,,,,,,,,,,,,,,,,,,,,,,,,,,,,,,,,,,,,,,,,,,,77,,,,,,,,,,,,81,,,,
109,Branden Carlson,2024,Big,PAC 12,Utah,#CC0000,UDFA,Oklahoma City Thunder,OKC,25.01,83.75,"6'11.75""",85,"7'1""",1.25,220,5.22,83.60,85,78,65,96,31,9.082,10,0.09,0.00,0.00,0.00,0.00,1.00,91,85,,,,,,92,,,,,,,,,,,,,,,,,78,,,,,,,,88,78,,,,,,,,,,,,,,85,,96,,,,,,,,,,,,,,,,,,,,,,,,,,,,,,,78,,,,,,,,,,,,,,,,,,,,,,,,,,,65,,,
110,Taran Armstrong,2024,Guard,Aus. NBL,Cairns,#DE6237,UDFA,Golden State Warriors,GSW,22.45,76.75,"6'4.75""",78,"6'6""",1.25,190,5.13,81.88,82,#N/A,63,99,36,13.964,8,0.07,0.00,0.00,0.00,0.00,1.00,,75,,,,,,81,,,,,,,,,,,,,,,,,,,63,,,,,,96,,,,,,,,,,,,,,,94,,83,,,,,,,,64,,,,,,,,,,,,,,,,,99,,,,,,,,,,,,,,,,,,,,,,,,,,,,,,,,,,,,
111,Josh Oduro,2024,Big,Big East,Providence,#8A8D8F,UDFA,New Orleans Pelicans,NOP,23.7,81,"6'9""",85,"7'1""",4,240,5.03,63.50,63.5,#N/A,43,84,41,28.991,2,0.02,0.00,0.00,0.00,0.50,0.50,,,,,,,,,,,,,,,,,,,,,,,,,,,,,,,,,,84,,,,,,,,,,,,,,,,,,,,,,,,,,,,,,,,,,,,,,,,,,,,,,,,,,,,,,,,,,,43,,,,,,,,,,,,,,,,,,
112,Tre Mitchell,2024,Big,SEC,Kentucky,#0033A0,UDFA,Oklahoma City Thunder,OKC,23.76,81,"6'9""",,,,240,4.99,81.14,85,#N/A,57,95,38,14.171,7,0.06,0.00,0.00,0.00,0.14,0.86,85,,,,,,,,,,,,,,,,,,,,,,,,,,,,,,,,93,57,,,,,,,,,,,,,,95,,,,,,,,,,,,,,,,,,,,,,,,,,,91,,,,,,79,,,,,,,,,,,,,,,,,,,,,,,,,,68,,,,
113,Max Abmas,2024,,,Texas,,UDFA,,,,,,,,,,4.84,75.50,77.5,#N/A,52,95,43,20.042,4,0.04,0.00,0.00,0.00,0.25,0.75,,,,,,,,,,,,,,,,,,,,,,,,,,,89,,,,,,,,,,,,,,,,,,,,,,,,,,,,,,,,,,,,,,,,,,52,,,,,,,,,,,,,,,,,,,,,,,,,,95,,,,,,,,,,,,66,,,,
114,Jaelen House,2024,Guard,Mountain West,New Mexico,#BA0C2F,UDFA,Boston Celtics,BOS,23.15,71.25,"5'11.25""",74.25,"6'2.25""",3,165,4.84,78.20,83,#N/A,61,98,37,16.208,5,0.05,0.00,0.00,0.00,0.00,1.00,,,,,,,,,,,,,,,,,,,,,,,,,,,83,,,,,,,87,,,,,,,,,,,,,,,,,,,,,,,,,,,,,,98,,,,,,,,,,,,,,,,,,,,,,,,,,,,,,,,,,61,,,,,,,,,62,,,,
115,Hakim Hart,2024,,,,,UDFA,,,,,,,,,,4.77,65.50,65.5,#N/A,58,73,15,10.607,2,0.02,0.00,0.00,0.00,0.50,0.50,,,,,,,,,,,,,,,,,,,,,,,,,,,,,,,,,,,,,,,,,,,,,,,,,,,,,,,,,,,,,,,,,,,,,,,,,,,,,,,,,,,,,,,,,,,,,,,73,,,,,,,,,,,,58,,,,
116,Tyson Walker,2024,Guard,Big 10,Michigan State,#18453B,UDFA,Phoenix Suns,PHX,23.77,72.5,"6'0.5""",75.5,"6'3.5""",3,185,4.75,51.00,51,#N/A,51,51,0,#DIV/0!,1,0.01,0.00,0.00,0.00,1.00,0.00,,,,,,,,,,,,,,,,,,,,,,,,,,,,,,,,,,,,,,,,,,,,,,,,,,,,,,,,,,,,,,,,,,,,,,,,,,,,,,,,,,,,,,,,,,,,,,,,,,51,,,,,,,,,,,,,
117,Shahada Wells,2024,Guard,Southland,McNeese State,#00529B,UDFA,Houston Rockets,HOU,24.83,71.25,"5'11.25""",77,"6'5""",5.75,184,4.70,66.00,66,#N/A,45,87,42,29.698,2,0.02,0.00,0.00,0.00,0.50,0.50,,,,,,,,,,,,,,,,,,,,,,,,,,,,,,,,,87,,,,,,,,,,,,,,,,,,,,,,,,,,,,,,,,,,,,,,,,,,,,,,,,,,,,,,,,,,,,,,,,,45,,,,,,,,,,,,,
118,Quincy Olivari,2024,Wing,Big East,Xavier,#9EA2A2,UDFA,Los Angeles Lakers,LAL,23.08,74.5,"6'2.5""",79,"6'7""",4.5,200,4.54,79.60,86,#N/A,58,94,36,16.227,5,0.05,0.00,0.00,0.00,0.20,0.80,,,,,,,,,,,,,,,,,,,,,,,,,93,,,,,,,,,,,,,,,,,,,,,,,,,86,,,,,,,,,,,,,,,,,,,,,,,,,67,,,,,,,,,,,,,,,,,,,,,,,58,,,,,,,,,94,,,,
119,Aaron Estrada,2024,Guard,SEC,Alabama,#9E1B32,UDFA,Detroit Pistons,DET,23.39,75.5,"6'3.5""",77.5,"6'5.5""",2,190,4.53,81.50,83,89,69,90,21,8.983,6,0.05,0.00,0.00,0.00,0.00,1.00,,89,75,,,,,,,,,,,,,,,,,,,,,,,,,,,,,,90,,,,,,,,,,,,,,,77,,,,,,,,,,,,,,,,,,,,,,,,,,,69,,,,,,,,,,,,,,,,,,,,,,,,,,,,,,,,89,,,,
120,RayJ Dennis,2024,Guard,Big 12,Baylor,#154734,UDFA,Indiana Pacers,IND,23.24,74.75,"6'2.75""",80.5,"6'8.5""",5.75,180,4.49,81.67,79,79,66,99,33,13.261,6,0.05,0.00,0.00,0.00,0.00,1.00,,,,,,,,99,,,,,,,,,,,,,,,,,,,,,,,,,,,,,,66,,,,,,,,,,79,,71,,,,,,,,,,,,,,,,,,,,,,,,,96,,,,,,,,,,,,,,,,,,,,,,,,,,,,,,,,79,,,,
121,Allen Flanigan,2024,Wing,SEC,Ole Miss,#CE1126,UDFA,Stade Rochelais,Rochelais,23.18,78.75,"6'6.75""",81,"6'9""",2.25,215,4.38,83.57,84,#N/A,62,98,36,12.259,7,0.06,0.00,0.00,0.00,0.00,1.00,,94,,,,,,84,,,,,,,,,,,,,,,,,,,77,,,,,,98,,,,,79,,,,,,,,,,91,,,,,,,,,,,,,,,,,,,,,,,,,,,62,,,,,,,,,,,,,,,,,,,,,,,,,,,,,,,,,,,,
122,Gustav Knudsen,2024,,,,,UDFA,,,,,,,,,,4.36,68.50,68.5,#N/A,51,86,35,24.749,2,0.02,0.00,0.00,0.00,0.50,0.50,,,,,,,,,,,,,,,,,,,,,,,,,,,,,,,,,,,,,,,,,,,,,,,,,,,,,,,,,,,,,,,,86,,,,,,,,,,,,,,51,,,,,,,,,,,,,,,,,,,,,,,,,,,,,,,,,
123,Mark Armstrong,2024,Guard,Big East,Villanova,#13B5EA,UDFA,Brooklyn Nets,BKN,20.35,73.25,"6'1.25""",76.25,"6'4.25""",3,180,4.23,84.14,81,79,69,100,31,10.205,7,0.06,0.00,0.00,0.00,0.00,1.00,,100,,,,,,91,,,,,,,,,,,,,,,,,,,79,,,,,,,,,,,,,,,,,,,,,,,79,,,,,,,,,,,,,,69,,,,,,,,,,,90,,,,,,,,,,,,,,,,,,,,81,,,,,,,,,,,,,,,,
124,Trevon Brazile,2024,,,,,UDFA,,,,,,,,,,4.18,57.00,57,#N/A,57,57,0,#DIV/0!,1,0.01,0.00,0.00,0.00,1.00,0.00,,,,,,,,,,,,,,,,,,,,,,,,,,,,,,,,,,,,,,,,,,,,,,,,,,,,,,,,,,,,,,,,,,,,,,,,,,,,,,,,,,,,,,,,,,,,,,,,,,,,,,,,,,,,57,,,
125,Josiah-Jordan James,2024,Wing,SEC,Tennessee,#FF8200,UDFA,Indiana Pacers,IND,23.8,78.25,"6'6.25""",83.25,"6'11.25""",5,214,4.13,84.57,90,98,60,98,38,15.306,7,0.06,0.00,0.00,0.00,0.00,1.00,92,98,,,,,,90,,,,,,,,,,,,,,,,,88,,,,,,,,,,,,,,,,,,,,,,,,,98,,,,,,,,,,,,,,,,,,,60,,,,,,,,,,,,,,,,,,,,,,,,,,66,,,,,,,,,,,,,,,,
126,Tyrese Samuel,2024,Big,SEC,Florida,#FA4616,UDFA,Phoenix Suns,PHX,24.3,81.25,"6'9.25""",87.5,"7'3.5""",6.25,239,4.11,76.00,78,#N/A,64,86,22,11.136,3,0.03,0.00,0.00,0.00,0.00,1.00,,,,,,,,,,,,,,,,,,,,,,,,,,,,,,,,,,,,,,,,,,,,,,,,,,,,,,,,,,,,,,,,,,,,,,,,,,,86,,,,,,,,,,,,,,,,,,,,64,,,,,,,,,,,,78,,,,
127,Tolu Smith,2024,Big,SEC,Mississippi State,#660000,UDFA,Detroit Pistons,DET,23.92,82.75,"6'10.75""",84,"7'0""",1.25,245,4.03,71.00,71,#N/A,70,72,2,1.414,2,0.02,0.00,0.00,0.00,0.00,1.00,,,,,,,,,,,,,,,,,,,,,,,,,,,,,,,,,,72,,,,,,,,,,,,,,,,,,,,,,,,,,,,,,,,,,,,,,,,,,,,,,,,,,,,,,,,,,,,,70,,,,,,,,,,,,,,,,
128,Jahvon Quinerly,2024,,,,,UDFA,,,,,,,,,,3.96,71.50,71.5,#N/A,62,81,19,13.435,2,0.02,0.00,0.00,0.00,0.00,1.00,,,,,,,,,,,,,,,,,,,,,,,,,,62,81,,,,,,,,,,,,,,,,,,,,,,,,,,,,,,,,,,,,,,,,,,,,,,,,,,,,,,,,,,,,,,,,,,,,,,,,,,,,,,,,,,,,
129,Alexander Kovlyar,2024,,,,,UDFA,,,,,,,,,,3.89,60.00,60,#N/A,60,60,0,#DIV/0!,1,0.01,0.00,0.00,0.00,0.00,1.00,,,,,,,,,,,,,,,,,,,,,,,,,,,,,,,,,,,,,,,,,,,,,,,,,,,,,,,,,,,,,,,,60,,,,,,,,,,,,,,,,,,,,,,,,,,,,,,,,,,,,,,,,,,,,,,,
129,Jordan Wright,2024,Wing,SEC,LSU,#461D7C,UDFA,Detroit Pistons,DET,23.76,77.5,"6'5.5""",79.5,"6'7.5""",2,230,3.89,60.00,60,#N/A,60,60,0,#DIV/0!,1,0.01,0.00,0.00,0.00,0.00,1.00,,,,,,,,,,,,,,,,,,,,,,,,,,,,,,,,,,60,,,,,,,,,,,,,,,,,,,,,,,,,,,,,,,,,,,,,,,,,,,,,,,,,,,,,,,,,,,,,,,,,,,,,,,,,,,,,
131,Bryson Warren,2024,Guard,G League,Sioux Falls,#98002E,UDFA,Miami Heat,MIA,19.7,73.5,"6'1.5""",78.25,"6'6.25""",4.75,174,3.74,83.40,83,#N/A,75,92,17,6.504,5,0.05,0.00,0.00,0.00,0.00,1.00,,92,,,,,,,,,,,,,,,,,,,,,,,,75,,,,,,,,,,,,,,,,,,,,,,,,,,,,,,,,,,,,,,87,,,,,,,,,,,83,,,,,,,,,,,,,,,,,,,,80,,,,,,,,,,,,,,,,
132,DJ Burns,2024,Big,ACC,NC State,#CC0000,UDFA,Cleveland Cavaliers,CLE,23.7,81,"6'9""",,,,275,3.62,74.00,74,#N/A,59,89,30,21.213,2,0.02,0.00,0.00,0.00,0.00,1.00,,,,,,,,,,,,,,,,,,,,,,,,,,,59,,,,,,,,,,,,,,,,,,,,,,,,,,,,,,,,,,,,,,,,,,,,,,,,,,,,,,,,,,,,,,,,,,,,89,,,,,,,,,,,,,,,,
133,Mohamed Diarra,2024,Big,ACC,NC State,#CC0000,UDFA,Los Angeles Lakers,LAL,24.48,82,"6'10""",,,,225,3.49,75.00,75,#N/A,64,86,22,15.556,2,0.02,0.00,0.00,0.00,0.00,1.00,,,,,,,,,,,,,,,,,,,,,,,,,,,86,,,,,,,,,,,,,,,,,,,,,,,,,,,,,,,,,,,,,,,,,,,,,,,,64,,,,,,,,,,,,,,,,,,,,,,,,,,,,,,,,,,,,
134,Matt Lewis,2024,,,,,UDFA,,,,,,,,,,3.32,66.00,66,#N/A,66,66,0,#DIV/0!,1,0.01,0.00,0.00,0.00,0.00,1.00,,,,,,,,,,,,,,,,,,,,,,,,,,,,,,,,,,,,,,,,,,,,,,,,,,,,,,,,,,,,,,,,,,,,,,,,,,,,,,,,,,,,,,,,,,,,,,,,,,,,,,,,,,,,66,,,
135,Tyler Burton,2024,,,,,UDFA,,,,,,,,,,3.27,83.75,80.5,#N/A,74,100,26,11.325,4,0.04,0.00,0.00,0.00,0.00,1.00,,,,,,,,,,,,,,,,79,,,,,,,,,,,74,,,,,,100,,,,,,,,,,,,,,,,,,,,,,,,,,,,,,,,,,,,,,,,,,,,,,,,,,,,,,,,,,,,,,82,,,,,,,,,,,,,,,,
136,Trey Calvin,2024,,,,,UDFA,,,,,,,,,,3.23,81.33,80,#N/A,67,97,30,15.044,3,0.03,0.00,0.00,0.00,0.00,1.00,,,,,,,,,,,,,,,,,,,,,,,,,,,,,,,,,,80,,,,,,,,,,,,,,,,,,,,,,,,,,,,,,,,,,,,,,,,,97,,,,,,,,,,,,,,,,,,,,67,,,,,,,,,,,,,,,,
137,London Johnson,2024,,,,,UDFA,,,,,,,,,,3.07,82.33,83,#N/A,76,88,12,6.028,3,0.03,0.00,0.00,0.00,0.00,1.00,,,,,,,,83,,,,,,,,,,,,,,,,,,,,,,,,,,,,,,,,,,,,,,,,,,,,,,,,,,,,,,,,,,,,,76,,,,,,,,,,,,,,,,,,,,,,,,,,88,,,,,,,,,,,,,,,,
138,Olivier Nkamhoua,2024,,,,,UDFA,,,,,,,,,,2.80,86.25,89.5,#N/A,69,97,28,12.580,4,0.04,0.00,0.00,0.00,0.00,1.00,97,,,,,,,,,,,,,,,,,,,,,,,,,,,,,,,,94,,,,,,,,,,,,,,,,,,,,,,,,,,,,,,,,,,,,69,,,,,,,,,,,,85,,,,,,,,,,,,,,,,,,,,,,,,,,,,,,
139,Gabe McGlothan,2024,Wing,WAC,Grand Canyon,#522398,UDFA,Denver Nuggets,DEN,25.32,79,"6'7""",,,,235,2.66,73.00,73,#N/A,73,73,0,#DIV/0!,1,0.01,0.00,0.00,0.00,0.00,1.00,,,,,,,,,,,,,,,,,,,,,,,,,,,,,,,,,,,,,,,,,,,,,,,,,,,,,,,,,,,,,,,,,,,,,,,,,,,,,,,,,,,,,,,,,,,,,,,,,,,,,,,,,,,73,,,,
140,Jalen Cook,2024,,,,,UDFA,,,,,,,,,,2.62,81.50,81.5,#N/A,65,98,33,23.335,2,0.02,0.00,0.00,0.00,0.00,1.00,,,,,,,,,,,,,,,,,,,,,,,,,,,,,,,,,,,,,,,,,,,,,,,,,,,,,,,,,,,,,,,,65,,,,,,,,,,,,,,,,,,,,,,,,,,,,,,,98,,,,,,,,,,,,,,,,
141,Jamison Battle,2024,Wing,Big 10,Ohio State,#BB0000,UDFA,Toronto Raptors,TOR,23.12,79.25,"6'7.25""",81,"6'9""",1.75,220,2.60,89.83,91.5,99,74,99,25,9.988,6,0.05,0.00,0.00,0.00,0.00,1.00,87,96,,,,,,,,,,,,,,,,,,,,,,,84,,,,,,,,99,,,,,,,,,,,,,,,,,99,,,,,,,,,,,,,,,,,,,,,,,,,,,,,,,,,,,,,,,,,,,,,,,,,,,,,,,,,74,,,,
142,Hunter Cattoor,2024,Guard,ACC,Virginia Tech,#630031,UDFA,Cleveland Cavaliers,CLE,23.6,74.5,"6'2.5""",75,"6'3""",0.5,200,2.48,82.50,82.5,#N/A,68,97,29,20.506,2,0.02,0.00,0.00,0.00,0.00,1.00,,,,,,,,,,,,,,,,,,,,,,,,,,,,,,,,,,,,,,,,,,,,,,,,,,,,,,,,,,,,,,,,,,,,,,,,,,,68,,,,,,,,,,,,,,,,,,,,,,,,,,,,,,,,97,,,,
143,Joel Soriano,2024,Big,Big East,St. John's,#BA0C2F,UDFA,Charlotte Hornets,CHA,24.41,82,"6'10""",87.5,"7'3.5""",5.5,256,2.47,88.00,87.5,82,82,95,13,6.976,4,0.04,0.00,0.00,0.00,0.00,1.00,,,,,,,,95,,,,,,,,,,,,,,,,,,,,,,,,,,,,,,,,,,,,,,,,93,,82,,,,,,,,,,,,,,,,,,,,,,,,,,,,,,,82,,,,,,,,,,,,,,,,,,,,,,,,,,,,,,
144,Makhi Mitchell,2024,,,,,UDFA,,,,,,,,,,2.42,83.00,83,#N/A,70,96,26,18.385,2,0.02,0.00,0.00,0.00,0.00,1.00,,,,,,,,,,,,,,,,,,,,,,,,,,,,,,,,,,,,,,,,,,,,,,,,,,,,,,,,,,,,,,,,,,,,,70,,,,,,,,,,,,,,,,,,,,,,,,,,,,,,,,,,,,,,96,,,,
144,Kenan Blackshear,2024,Guard,Mountain West,Nevada,#003366,UDFA,Sacramento Kings,SAC,23.09,78.25,"6'6.25""",82,"6'10""",3.75,215,2.42,83.00,83,#N/A,81,85,4,2.828,2,0.02,0.00,0.00,0.00,0.00,1.00,,,,,,,,,,,,,,,,,,,,,,,,,,,,,,,,,,85,,,,,,,,,,,,,,,,,,,,,,,,,,,,,,,,,,,,,,,,,81,,,,,,,,,,,,,,,,,,,,,,,,,,,,,,,,,,,,
144,Fedor Zugic,2024,,,,,UDFA,,,,,,,,,,2.42,83.00,83,#N/A,80,86,6,4.243,2,0.02,0.00,0.00,0.00,0.00,1.00,,,,,,,,,,,,,,,,,,,,,,,,,86,,,,,,,,,,,,,,,,,,,,,,,,,,,,,,,,,,,,,,,,,,,,,,,,,,,,,,,,,,,,,,,,,,,,,,,,,,,,,,,,,,80,,,,
147,Matthew Strazel,2024,,,,,UDFA,,,,,,,,,,2.41,86.33,85,#N/A,77,97,20,10.066,3,0.03,0.00,0.00,0.00,0.00,1.00,,97,,,,,,,,,,,,,,,,,,,,,,,,,85,,,,,,,,,,,,,,,,,,,,,,,,,,,,,,,,,,,,,,,,,,,,,,,,,,,,,,,,,,,,,,,,,,,,,,,,,,,,,,,,77,,,,
148,Clement Frisch,2024,,,,,UDFA,,,,,,,,,,2.28,77.00,77,#N/A,77,77,0,#DIV/0!,1,0.01,0.00,0.00,0.00,0.00,1.00,,,,,,,,,,,,,,,,,,,,,,,,,,,,,,,,,,,,,,,,,,,,,,,,,,,,,,,,,,,,,,,,77,,,,,,,,,,,,,,,,,,,,,,,,,,,,,,,,,,,,,,,,,,,,,,,
149,Justin Moore,2024,Wing,Big East,Villanova,#13B5EA,UDFA,Milwaukee Bucks,MIL,24.21,77,"6'5""",,,,210,2.21,84.50,84.5,#N/A,84,85,1,0.707,2,0.02,0.00,0.00,0.00,0.00,1.00,,,,,,,,,,,,,,,,,,,,,,,,,,,,,,,,,,,,,,,,,,,,,,,,,,,,,,,,,,,,,,,,,,,,,,,,,,,85,,,,,,,,,,,,,,,,,,,,,,,,,,,,,,,,84,,,,
150,Josh Morgan,2024,,,,,UDFA,,,,,,,,,,2.09,79.00,79,#N/A,79,79,0,#DIV/0!,1,0.01,0.00,0.00,0.00,0.00,1.00,,,,,,,,,,,,,,,,,,,,,,,,,,,,,,,,,,,,,,,,,,,,,,,,,,,,,,,,,,,,,,,,,,,,,,,,,,,79,,,,,,,,,,,,,,,,,,,,,,,,,,,,,,,,,,,,
151,KJ Jones II,2024,,,,,UDFA,,,,,,,,,,2.08,85.50,85.5,#N/A,81,90,9,6.364,2,0.02,0.00,0.00,0.00,0.00,1.00,,,,,,,,,,,,,,,,,,,,,,,,,81,,,,,,,,,90,,,,,,,,,,,,,,,,,,,,,,,,,,,,,,,,,,,,,,,,,,,,,,,,,,,,,,,,,,,,,,,,,,,,,,,,,,,,,
152,Sean East,2024,Guard,SEC,Missouri,#F1B82D,UDFA,Los Angeles Lakers,LAL,24.61,73.25,"6'1.25""",75.75,"6'3.75""",2.5,180,2.04,90.25,93,93,76,99,23,9.912,4,0.04,0.00,0.00,0.00,0.00,1.00,,,,,,,,,,,,,,,,,,,,,,,,,,,,,,,,,,76,,,,,,,,,,,,,,99,,,,,,,,,,,,,,,,,,,,,,,,,,,,,,,,,,,,,,,,,,,,,,,93,,,,,,,,,,,,93,,,,
153,Martez Brown,2024,,,,,UDFA,,,,,,,,,,2.03,88.67,94,#N/A,73,99,26,13.796,3,0.03,0.00,0.00,0.00,0.00,1.00,,,,,,,,94,,,,,,,,,,,,,,,,,,,,,,,,,,,,,,,,,,,,,,,,,,,,,,,,,,73,,,,,,,,,,,,,,,,,,,,,,,,,,,,,,,,,,,,,99,,,,,,,,,,,,,,,,
154,Henry Coleman,2024,,,,,UDFA,,,,,,,,,,1.99,80.00,80,#N/A,80,80,0,#DIV/0!,1,0.01,0.00,0.00,0.00,0.00,1.00,,,,,,,,,,,,,,,,,,,,,,,,,,,80,,,,,,,,,,,,,,,,,,,,,,,,,,,,,,,,,,,,,,,,,,,,,,,,,,,,,,,,,,,,,,,,,,,,,,,,,,,,,,,,,,,,
155,Alex Ducas,2024,Wing,WCC,Saint Mary's,#DB0024,UDFA,Oklahoma City Thunder,OKC,23.54,79.25,"6'7.25""",82,"6'10""",2.75,220,1.95,86.50,86.5,#N/A,83,90,7,4.950,2,0.02,0.00,0.00,0.00,0.00,1.00,90,,,,,,,,,,,,,,,,,,,,,,,,83,,,,,,,,,,,,,,,,,,,,,,,,,,,,,,,,,,,,,,,,,,,,,,,,,,,,,,,,,,,,,,,,,,,,,,,,,,,,,,,,,,,,,,
156,Isiaih Mosley,2024,,,,,UDFA,,,,,,,,,,1.80,82.00,82,#N/A,82,82,0,#DIV/0!,1,0.01,0.00,0.00,0.00,0.00,1.00,,,,,,,,,,,,,,,,,,,,,,,,,,,82,,,,,,,,,,,,,,,,,,,,,,,,,,,,,,,,,,,,,,,,,,,,,,,,,,,,,,,,,,,,,,,,,,,,,,,,,,,,,,,,,,,,
157,Santiago Vescovi,2024,Guard,SEC,Tennessee,#FF8200,UDFA,Golden State Warriors,GSW,22.78,75.25,"6'3.25""",78.5,"6'6.5""",3.25,188,1.61,84.00,84,#N/A,84,84,0,#DIV/0!,1,0.01,0.00,0.00,0.00,0.00,1.00,,,,,,,,,,,,,,,,,,,,,,,,,,,84,,,,,,,,,,,,,,,,,,,,,,,,,,,,,,,,,,,,,,,,,,,,,,,,,,,,,,,,,,,,,,,,,,,,,,,,,,,,,,,,,,,,
158,Mihailo Boskovic,2024,,,,,UDFA,,,,,,,,,,1.52,85.00,85,#N/A,85,85,0,#DIV/0!,1,0.01,0.00,0.00,0.00,0.00,1.00,,,,,,,,,,,,,,,,,,,,,,,,,,,,,,,,,,,,,,,,,,,,,,,,,,,,,,,,,,,,,,,,85,,,,,,,,,,,,,,,,,,,,,,,,,,,,,,,,,,,,,,,,,,,,,,,
159,RaeQuan Battle,2024,Wing,Big 12,West Virginia,#EAAA00,UDFA,Charlotte Hornets,CHA,23.35,76.5,"6'4.5""",80,"6'8""",3.5,195,1.47,93.25,96,#N/A,82,99,17,7.805,4,0.04,0.00,0.00,0.00,0.00,1.00,99,,,,,,,,,,,,,,,,,,,,,,,,,,,,,,,,,,,,,,,,,,,,,,,98,,,,,,,,,,,,,,,,,,,,,,,,,,,82,,,,,,,,,,,,,,,,,,,,94,,,,,,,,,,,,,,,,
160,Zsombar Maronka,2024,,,,,UDFA,,,,,,,,,,1.41,90.50,90.5,#N/A,90,91,1,0.707,2,0.02,0.00,0.00,0.00,0.00,1.00,,,,,,,,,,,,,,,,,,,,,,,,,,,,,,,,,,,,,,,,,,,,,,,,,,,,,,,,,,,,,,,,91,,,,,,,,,,,,,,,,,,,,,,,,,,,,,,,90,,,,,,,,,,,,,,,,
161,Xavier Johnson,2024,Guard,MVC,Southern Illinois,#720000,UDFA,Dallas Mavericks,DAL,24.7,72.75,"6'0.75""",77.5,"6'5.5""",4.75,189,1.23,88.00,88,#N/A,88,88,0,#DIV/0!,1,0.01,0.00,0.00,0.00,0.00,1.00,,,,,,,,,,,,,,,,,,,,,,,,,,,,,,,,,,,,,,,,,,,,,,,,,,,,,,,,,,,,,,,,,,,,,,,,,,,,,,,,,,,,,,,,,,,,,,,,,,,,,,,,,,,88,,,,
162,Jarron Coleman,2024,,,,,UDFA,,,,,,,,,,0.95,91.00,91,#N/A,91,91,0,#DIV/0!,1,0.01,0.00,0.00,0.00,0.00,1.00,,,,,,,,,,,,,,,,,,,,,,,,,,,91,,,,,,,,,,,,,,,,,,,,,,,,,,,,,,,,,,,,,,,,,,,,,,,,,,,,,,,,,,,,,,,,,,,,,,,,,,,,,,,,,,,,
162,Jaden Bediako,2024,,,,,UDFA,,,,,,,,,,0.95,91.00,91,#N/A,91,91,0,#DIV/0!,1,0.01,0.00,0.00,0.00,0.00,1.00,,,,,,,,,,,,,,,,,,,,,,,,,,,,,,,,,,91,,,,,,,,,,,,,,,,,,,,,,,,,,,,,,,,,,,,,,,,,,,,,,,,,,,,,,,,,,,,,,,,,,,,,,,,,,,,,
164,Joel Scott,2024,,,,,UDFA,,,,,,,,,,0.85,92.00,92,#N/A,92,92,0,#DIV/0!,1,0.01,0.00,0.00,0.00,0.00,1.00,,,,,,,,,,,,,,,,,,,,,,,,,,,,,,,,,,,,,,,,,,,,,,,,,,92,,,,,,,,,,,,,,,,,,,,,,,,,,,,,,,,,,,,,,,,,,,,,,,,,,,,,,,,,,,,,
164,Warren Washington,2024,Big,Big 12,Texas Tech,#CC0000,UDFA,Miami Heat,MIA,24.32,84,"7'0""",,,,225,0.85,92.00,92,#N/A,92,92,0,#DIV/0!,1,0.01,0.00,0.00,0.00,0.00,1.00,,,,,,,,,,,,,,,,,,,,,,,,,,,,,,,,,,92,,,,,,,,,,,,,,,,,,,,,,,,,,,,,,,,,,,,,,,,,,,,,,,,,,,,,,,,,,,,,,,,,,,,,,,,,,,,,
166,DJ Horne,2024,Guard,ACC,NC State,#CC0000,UDFA,San Antonio Spurs,SAS,23.65,74,"6'2""",,,,175,0.74,95.50,95.5,#N/A,94,97,3,2.121,2,0.02,0.00,0.00,0.00,0.00,1.00,,,,,,,,,,,,,,,,,,,,,,,,,,,,,,,,,,94,,,,,,,,,,,,,,,,,,,,,,,,,,,,,,97,,,,,,,,,,,,,,,,,,,,,,,,,,,,,,,,,,,,,,,,,,,,,,,
166,Elijah Pepper,2024,,,,,UDFA,,,,,,,,,,0.74,95.50,95.5,#N/A,91,100,9,6.364,2,0.02,0.00,0.00,0.00,0.00,1.00,,,,,,,,,,,,,,,,,,,,,,,,,,,,,,,,,,,,,,,,,,,,,,,,,,,,,,,,,,,,,,,,,,,,,,,,,,,100,,,,,,,,,,,,,,,,,,,,,,,,,,,,,,,,91,,,,
168,Clarence Daniels,2024,Wing,America East,New Hampshire,#BBBCBC,UDFA,Oklahoma City Thunder,OKC,23.55,77.5,"6'5.5""",82.5,"6'10.5""",5,210,0.66,94.00,94,#N/A,94,94,0,#DIV/0!,1,0.01,0.00,0.00,0.00,0.00,1.00,,,,,,,,,,,,,,,,,,,,,,,,,,,,,,,,,,,,,,,,,,,,,,,,,,,,,,,,,,,,,,,,,,,,,,,,,,,94,,,,,,,,,,,,,,,,,,,,,,,,,,,,,,,,,,,,
169,Josh Bannan,2024,,,,,UDFA,,,,,,,,,,0.57,95.00,95,#N/A,95,95,0,#DIV/0!,1,0.01,0.00,0.00,0.00,0.00,1.00,,95,,,,,,,,,,,,,,,,,,,,,,,,,,,,,,,,,,,,,,,,,,,,,,,,,,,,,,,,,,,,,,,,,,,,,,,,,,,,,,,,,,,,,,,,,,,,,,,,,,,,,,,,,,,,,
170,Ivan Perasovic,2024,,,,,UDFA,,,,,,,,,,0.54,97.00,97,#N/A,95,99,4,2.828,2,0.02,0.00,0.00,0.00,0.00,1.00,,,,,,,,,,,,,,,,,,,,,,,,,99,,,,,,,,,,,,,,,,,,,,,,,,,,,,,,,,,,,,,,,95,,,,,,,,,,,,,,,,,,,,,,,,,,,,,,,,,,,,,,,,,,,,,,,
171,Keisei Tominaga,2024,Guard,Big 10,Nebraska,#E41C38,UDFA,Indiana Pacers,IND,23.4,74,"6'2""",,,,180,0.47,96.00,96,#N/A,96,96,0,#DIV/0!,1,0.01,0.00,0.00,0.00,0.00,1.00,,,,,,,,,,,,,,,,,,,,,,,,,,,,,,,,,,,,,,,,,,,,,,,,,,,,,,,,,,,,,,,,96,,,,,,,,,,,,,,,,,,,,,,,,,,,,,,,,,,,,,,,,,,,,,,,
172,Jermaine Couisnard,2024,Guard,PAC 12,Oregon,#154733,UDFA,New Orleans Pelicans,NOP,24.49,76.5,"6'4.5""",81.5,"6'9.5""",5,215,0.47,97.50,97.5,#N/A,95,100,5,3.536,2,0.02,0.00,0.00,0.00,0.00,1.00,95,,,,,,,,,,,,,,,,,,,,,,,,,,,,,,,,,,,,,,,,,,,,,,,,,,,,,,,,,,,,,,,100,,,,,,,,,,,,,,,,,,,,,,,,,,,,,,,,,,,,,,,,,,,,,,,
173,Donta Scott,2024,Wing,Big 10,Maryland,#E03A3E,UDFA,Golden State Warriors,GSW,23.56,79.5,"6'7.5""",83,"6'11""",3.5,230,0.38,97.00,97,#N/A,97,97,0,#DIV/0!,1,0.01,0.00,0.00,0.00,0.00,1.00,,,,,,,,,,,,,,,,,,,,,,,,,,,,,,,,,,97,,,,,,,,,,,,,,,,,,,,,,,,,,,,,,,,,,,,,,,,,,,,,,,,,,,,,,,,,,,,,,,,,,,,,,,,,,,,,
174,Tyler Thomas,2024,Guard,CAA,Hofstra,#FEB612,UDFA,Chicago Bulls,CHI,24.4,75,"6'3""",,,,195,0.28,98.00,98,#N/A,98,98,0,#DIV/0!,1,0.01,0.00,0.00,0.00,0.00,1.00,,,,,,,,,,,,,,,,,,,,,,,,,,,,,,,,,,98,,,,,,,,,,,,,,,,,,,,,,,,,,,,,,,,,,,,,,,,,,,,,,,,,,,,,,,,,,,,,,,,,,,,,,,,,,,,,
174,Lucas Ugolin,2024,,,,,UDFA,,,,,,,,,,0.28,98.00,98,#N/A,98,98,0,#DIV/0!,1,0.01,0.00,0.00,0.00,0.00,1.00,,,,,,,,,,,,,,,,,,,,,,,,,,,,,,,,,,,,,,,,,,,,,,,,,,,,,,,,,,,,,,,,,,,,,,,,,,,98,,,,,,,,,,,,,,,,,,,,,,,,,,,,,,,,,,,,
174,Konstantin Kostsadinov,2024,,,,,UDFA,,,,,,,,,,0.28,98.00,98,#N/A,98,98,0,#DIV/0!,1,0.01,0.00,0.00,0.00,0.00,1.00,,,,,,,,,,,,,,,,,,,,,,,,,98,,,,,,,,,,,,,,,,,,,,,,,,,,,,,,,,,,,,,,,,,,,,,,,,,,,,,,,,,,,,,,,,,,,,,,,,,,,,,,,,,,,,,,
177,Jaylen Forbes,2024,,,,,UDFA,,,,,,,,,,0.19,99.00,99,#N/A,99,99,0,#DIV/0!,1,0.01,0.00,0.00,0.00,0.00,1.00,,,,,,,,,,,,,,,,,,,,,,,,,,,,,,,,,,,,,,,,,,,,,,,,,,,,,,,,,,,,,,,,99,,,,,,,,,,,,,,,,,,,,,,,,,,,,,,,,,,,,,,,,,,,,,,,
178,Isaiah Cozart,2024,Big,ASUN,Eastern Kentucky,#8A0039,UDFA,SC Rasta Vechta,SC Rasta,23.21,79,"6'7""",N/A,N/A,N/A,240,0.09,100.00,100,#N/A,100,100,0,#DIV/0!,1,0.01,0.00,0.00,0.00,0.00,1.00,,,,,,,,,,,,,,,,,,,,,,,,,,,,,,,,,,,,,,,,,,,,,,,,,,,,,,,,,,,,,,,,,,,,,,,,,,,,,,,,,,,,,,,,,,,,,,,,,,,,,,,,,,,100,,,,