Rank,Name,Role,League,Pre-NBA,Team Color,Age,Height (in),Height,Wingspan (in),Wingspan,Wing - Height,Weight (lbs),Actual Pick,NBA Team,NBA,SCORE,MEAN,MEDIAN,MODE,HIGH,LOW,RANGE,STDEV,COUNT,Inclusion Rate,1 - 3,4 - 14,15 - 30,31 - 59,Undrafted,The Athletic (Sam Vecenie),CBS Sports,@KevinOConnorNBA (Yahoo),The Ringer,Tankathon,NBADraft.net,CraftedNBA,@KlineNBA (Fansided),Swish Theory,No Ceilings,ESPN,Kevin Pelton (ESPN),Opta,the center hub,@supersayansavin (TPM),@CRiehl30,@JoelHinkieMaxey,@draymottishaw,@ZP12Hoops,@kimonsjaer24,@Jackmatthewss_,@rowankent,@CannibalSerb,Jishnu,@fra_sempru,@FPL_Mou,RyanHammer09,@thezonemaster,@hutsonboggs,@PAKA_FLOCKA,@drew_cant_hoop,@PenguinHoops,PK,@nore4dh,@LeftFieldSoup,@OranjeGuerrero,@503sbest,@BrianJNBA,@CediBetter,@JEnnisNBADraft,@report_court,@esotericloserr,@atthelevel,@freewave3,Andrea Cannici,@LoganH_utk,JoshW,@double_pg,@TaouTi959,@Alley_Oop_Coop,@perspectivehoop,@chipwilliamsjr,@DraftCasual,@NPComplete34,@SPTSJUNKIE (NBA Draft Network),@bjpf_,@ram_dub,ReverseEnigma (databallr),@OpticalHoops,@Rileybushh,@jhirsh03,@who_____knows,@GrizzliesFilm,@Juul__Embiid,@redrock_bball,@matwnba,@SpencerVonNBA,Jack Chambers,NBA Draft Room,@LoganPAdams,@bballstrategy,@movedmypivot,@drakemayefc,@Trellinterlude,@TrashPanda,@Duydidt,@Hoops_Haven1,Isaiah Silas,@codyreeves14,@nikoza2,@zjy2000,@Quinnfishburne,@antoniodias_pt,@cparkernba,@ChuckingDarts,@ShoryLogan,@Ethan387,@IFIMINC,@TStapletonNBA,@WillC,@mobanks10,@RichStayman,@_thedealzone,@_GatheringIntel,@DraftPow,@Dkphisports,@NicThomasNBA,Giddf,@BeyondTheRK,@greg23m,DrewDataDesign,Kam H,@dancingwithnoah,theballhaus,Oneiric,@undraliu,@corbannba,@_LarroHoops,salvador cali,@LoganRoA_,@sammygprops,@wilkomcv,@wheatonbrando,@Flawlesslikeeli,@_R_M_M,@mcfNBA,@evidenceforZ,@sixringsofsteeI,@CozyLito,@HoopsMetrOx,@SBNRicky,@redcooteay,@jessefischer,@henrynbadraft,@spursbeliever,@thebigwafe,SMILODON,@ayush_batra15,@AmericanNumbers,@100guaranteed,@jaynay1,@NileHoops,@HuntHoops,Mike Gribanov,@bendog28,@JHM Basketball,@halfwaketakes,@criggsnba,@NBADraftFuture,@JoeHulbertNBA,@CTFazio24,@JozhNBA,@hoop_tetris,@tobibuehner,@Josh_markowitz,@onlyonepodcastt,@akaCK_,@TheNicolau15,@British_Buzz,@hellyymarco,@SaucyTakez,@j0nzzzz,@JackDAnder,@nbadrafting,TheProcess,@canpekerpekcan,@ByAnthonyRizzo,@TwoWayMurray
1,Cooper Flagg,Wing,ACC,Duke,#003087,18.5,79.75,"6'7.75""",84,"7'0""",4.25,221,1,Dallas Mavericks,DAL,149.99,1.01,1,1,1,2,1,0.08,158,1.00,1.00,0.00,0.00,0.00,0.00,1,1,1,1,1,1,1,1,1,1,1,1,1,1,1,1,1,1,1,1,1,1,1,1,1,1,1,1,1,1,1,1,1,1,1,1,1,1,1,1,1,1,1,1,1,1,1,1,1,1,1,1,1,1,1,1,1,1,1,1,1,1,1,1,1,1,1,1,1,1,1,1,1,1,1,1,1,1,1,1,1,1,1,1,1,1,1,1,1,1,1,1,1,1,1,1,1,1,1,1,1,1,1,1,1,1,1,1,1,1,1,1,1,1,1,1,1,1,1,1,1,1,1,1,1,1,1,1,1,1,1,2,1,1,1,1,1,1,1,1,1,1,1,1,1,1,1,1,1,1,1,1,1,1,1,1,1,1
2,Dylan Harper,Guard,Big 10,Rutgers,#CC0033,19.3,76.5,"6'4.5""",82.5,"6'10.5""",6,213,2,San Antonio Spurs,SAS,148.02,2.98,2,2,2,17,15,2.26,158,1.00,0.78,0.21,0.01,0.00,0.00,2,2,2,2,2,2,4,2,2,2,2,4,4,2,2,4,4,2,6,2,2,2,2,2,2,7,2,4,2,2,2,3,2,2,2,2,6,2,2,2,2,17,5,6,3,3,2,6,3,5,2,2,2,2,14,2,5,2,2,2,2,2,3,2,2,3,2,2,2,2,8,2,5,2,4,4,2,3,2,2,2,2,2,4,3,4,2,4,2,2,2,2,3,2,4,3,2,2,2,2,2,2,2,2,6,5,2,2,2,2,2,2,2,3,2,2,13,2,2,2,2,2,2,3,2,3,6,2,2,2,2,5,2,2,2,5,2,9,2,2,2,2,13,2,2,4,2,2,2,2,2,3,2,5,2,2,2,2
3,VJ Edgecombe,Guard,Big 12,Baylor,#154734,19.89,76,"6'4""",79.5,"6'7.5""",3.5,193,3,Philadelphia 76ers,PHI,146.41,4.59,4,3,2,14,12,2.43,158,1.00,0.45,0.55,0.00,0.00,0.00,4,5,8,4,3,3,7,6,4,3,4,3,2,3,3,6,11,4,2,3,3,4,5,4,3,2,5,5,4,3,3,2,6,3,3,4,2,4,5,3,6,4,2,2,9,5,6,2,2,10,4,3,4,6,9,11,2,4,3,5,3,9,2,3,4,2,3,3,5,7,9,4,3,4,5,5,4,7,4,5,4,9,3,2,8,7,3,2,11,5,4,3,2,3,3,2,4,3,5,9,3,3,5,6,3,10,4,9,7,3,3,8,5,10,3,11,4,3,6,3,5,6,5,6,3,2,2,5,3,3,3,10,3,4,3,6,3,8,4,7,9,3,14,3,3,2,5,5,4,3,3,2,5,3,3,3,9,3
4,Kon Knueppel,Wing,ACC,Duke,#003087,19.88,77,"6'5""",78.25,"6'6.25""",1.25,219,4,Charlotte Hornets,CHA,145.09,5.91,5,6,2,16,14,2.85,158,1.00,0.16,0.83,0.01,0.00,0.00,3,6,7,7,5,7,5,5,5,4,6,2,6,7,13,12,8,3,5,5,6,6,7,8,8,4,7,3,7,5,6,5,3,16,4,6,3,8,4,6,3,5,4,5,14,4,5,14,5,3,5,4,6,4,6,5,16,5,4,3,5,11,4,4,3,4,4,5,6,4,5,6,2,6,6,6,3,4,3,10,3,5,6,5,2,2,7,3,3,3,3,4,8,4,10,4,6,5,6,5,4,6,6,3,4,14,12,6,3,7,10,6,6,9,7,7,14,4,7,4,4,7,14,5,4,10,4,12,7,6,5,9,6,5,4,2,4,7,6,3,6,6,6,5,10,7,4,6,3,10,8,4,9,7,5,5,8,4
5,Tre Johnson,Wing,Big 10,Texas,#BF5700,19.29,76.75,"6'4.75""",82.25,"6'10.25""",5.5,190,6,Washington Wizards,WAS,142.30,8.70,7.5,5,3,38,35,5.35,158,1.00,0.08,0.82,0.09,0.01,0.00,5,3,4,3,7,8,38,14,8,6,5,9,15,6,14,7,3,11,13,4,12,8,3,3,10,20,3,11,6,13,9,10,13,5,5,3,10,9,3,4,30,10,8,10,10,7,4,20,10,7,7,6,7,19,17,6,8,8,8,4,9,10,17,8,5,17,13,4,4,5,12,16,14,12,12,13,10,11,7,19,7,3,8,14,6,11,5,12,9,10,5,8,13,5,6,8,10,4,4,3,16,5,8,5,16,13,5,5,4,6,5,5,9,7,4,3,8,5,5,7,8,3,11,10,7,14,18,13,8,12,4,14,4,10,5,13,11,14,5,5,4,5,21,4,5,5,3,4,6,5,5,6,8,26,4,7,4,5
6,Khaman Maluach,Big,ACC,Duke,#003087,18.76,84.5,"7'0.5""",90.75,"7'6.75""",6.25,253,10,Phoenix Suns,PHX,141.65,9.35,7.5,6,1,43,42,6.39,158,1.00,0.10,0.74,0.14,0.02,0.00,12,8,9,9,6,16,6,9,6,7,7,14,7,5,5,3,23,8,17,12,5,5,11,13,6,24,8,6,9,7,7,7,18,13,27,23,7,3,8,8,13,8,3,3,6,9,9,4,7,18,16,7,5,12,4,7,21,10,10,6,4,14,5,6,9,5,7,6,9,12,11,10,4,7,2,2,5,2,9,15,5,6,5,8,10,15,6,14,14,15,6,10,4,9,5,6,5,43,11,6,14,4,4,8,5,3,15,10,5,13,6,3,22,4,34,8,6,9,3,12,3,11,19,2,5,4,21,17,16,5,31,1,7,3,7,3,21,4,10,4,7,7,8,12,6,3,11,19,8,19,6,5,11,8,9,6,10,12
7,Collin Murray-Boyles,Wing,SEC,South Carolina,#73000A,20.04,78.5,"6'6.5""",84.75,"7'0.75""",6.25,239,9,Toronto Raptors,TOR,141.61,9.39,8,8,2,29,27,5.43,158,1.00,0.10,0.75,0.15,0.00,0.00,8,12,12,16,13,21,2,3,3,11,13,10,10,12,4,9,9,6,10,7,7,11,29,19,4,11,24,2,22,6,4,4,11,6,6,10,5,16,9,10,5,2,6,7,11,10,10,3,6,20,3,5,8,3,5,8,14,3,14,10,6,4,7,11,15,10,5,10,12,3,6,3,7,5,8,8,6,5,5,4,8,15,9,3,4,17,14,8,7,4,9,5,10,12,2,7,25,6,8,15,5,13,10,13,8,7,25,8,10,14,8,17,8,14,8,9,3,12,8,10,6,10,7,7,6,5,20,11,21,4,8,8,10,6,6,4,6,2,16,17,8,8,2,10,11,13,7,25,9,4,17,8,22,4,18,10,13,16
8,Ace Bailey,Wing,SEC,Rutgers,#CC0033,18.85,79.75,"6'7.75""",84.5,"7'0.5""",4.75,203,5,Utah Jazz,UTA,139.72,10.38,9,6,2,37,35,6.68,156,0.99,0.07,0.74,0.17,0.02,0.00,6,4,3,5,4,4,37,11,10,5,3,5,31,4,10,2,2,10,8,6,20,3,6,5,9,21,6,10,3,8,10,17,20,4,7,5,11,7,6,5,9,12,10,17,4,13,8,9,12,30,10,10,3,7,13,9,9,6,7,13,11,13,20,5,8,6,12,15,3,13,,17,16,10,13,12,24,20,6,12,6,10,18,20,9,13,4,9,17,16,8,14,12,5,14,19,8,12,13,10,9,9,3,16,9,30,3,7,6,4,4,4,4,16,6,10,22,6,10,20,9,4,15,11,9,11,10,6,4,18,11,26,5,13,11,,7,28,7,12,10,9,33,6,4,6,6,7,5,6,4,12,7,25,7,4,3,14
9,Noa Essengue,Wing,German BBL,Ratiopharm Ulm,#D74F37,18.5,82,"6'10""",84.75,"7'0.75""",2.75,204,12,Chicago Bulls,CHI,138.80,10.41,9,8,2,28,26,5.42,154,0.97,0.08,0.71,0.21,0.00,0.00,16,14,13,20,14,10,9,4,9,16,9,6,,8,11,6,12,7,3,14,4,7,9,18,5,18,16,7,28,4,11,9,4,14,8,11,4,12,16,11,19,3,9,4,12,6,12,5,4,8,6,9,14,16,10,16,22,9,16,8,7,17,6,27,12,9,6,11,16,8,2,8,6,8,3,3,17,8,12,9,21,8,19,7,,3,13,7,4,12,12,15,5,20,8,10,3,8,7,,8,11,9,4,11,23,14,13,19,11,14,7,20,2,9,5,7,13,4,5,10,13,8,4,8,16,15,4,10,7,14,3,12,7,12,,9,3,19,11,11,4,3,11,12,8,8,22,15,11,22,9,3,22,17,9,12,8
10,Derik Queen,Big,Big 10,Maryland,#E03A3E,20.49,81.25,"6'9.25""",84.5,"7'0.5""",3.25,248,13,New Orleans Pelicans,NOP,137.43,11.79,11,9,2,36,34,6.37,154,0.97,0.04,0.68,0.27,0.01,0.00,11,9,11,8,8,15,22,7,7,8,14,32,16,10,18,13,6,5,4,8,21,9,8,6,7,5,4,16,5,14,15,16,14,11,12,9,20,5,7,7,11,21,,19,15,8,3,30,22,2,9,8,10,26,8,3,4,17,6,7,15,7,11,7,10,15,10,13,11,6,14,5,,3,17,18,11,6,14,18,11,18,4,18,5,6,9,21,5,6,14,19,17,27,7,16,36,9,12,18,22,6,14,10,2,16,9,4,8,5,9,13,29,11,11,4,19,14,9,,11,5,9,9,10,13,23,8,15,9,13,13,9,24,9,,8,13,12,9,3,13,7,22,7,16,12,11,14,21,11,24,4,12,11,15,6,9
11,Kasparas Jakucionis,Guard,Big 10,Illinois,#E84A27,19.07,76.75,"6'4.75""",79.75,"6'7.75""",3,205,20,Miami Heat,MIA,137.23,13.33,13,11,2,30,28,5.05,157,0.99,0.02,0.61,0.38,0.00,0.00,7,7,15,14,10,14,15,12,16,12,10,12,18,9,12,23,22,13,7,19,16,12,12,12,12,9,17,13,18,24,13,15,19,20,14,19,14,11,12,15,4,7,15,16,13,2,11,11,15,4,15,15,13,10,12,10,3,12,9,9,18,15,9,10,19,14,15,22,13,24,26,12,17,13,11,16,9,13,11,13,9,11,21,22,19,16,11,10,10,9,11,24,15,11,22,11,11,7,26,11,15,8,7,7,14,11,6,11,12,9,11,9,17,20,5,16,18,7,17,9,12,8,17,16,17,8,19,9,14,19,30,11,19,12,14,,15,17,3,18,17,10,28,9,8,10,10,10,19,8,14,13,17,17,13,8,7,11
12,Thomas Sorber,Big,Big East,Georgetown,#8D817B,19.5,81.5,"6'9.5""",90,"7'6""",8.5,263,15,Oklahoma City Thunder,OKC,136.54,14.46,14,14,2,44,42,6.13,158,1.00,0.03,0.53,0.43,0.01,0.00,14,22,21,10,17,12,14,10,11,18,16,22,3,16,9,25,28,20,21,17,11,23,10,16,14,3,10,9,11,9,8,8,9,17,10,7,21,10,17,16,10,25,14,14,21,19,17,16,14,15,12,14,15,15,3,14,19,14,11,11,26,16,18,13,6,16,9,7,17,11,21,7,10,11,14,10,7,16,10,6,18,23,10,9,15,5,16,15,13,8,17,9,9,6,9,13,17,41,9,23,12,19,12,15,28,15,13,14,17,21,15,22,21,12,15,14,12,21,13,14,14,12,13,19,15,6,8,15,12,14,25,24,13,11,10,9,25,18,13,6,15,16,44,13,16,19,14,9,21,12,10,14,10,2,14,19,17,19
13,Carter Bryant,Wing,Big 12,Arizona,#CC0033,19.58,78.5,"6'6.5""",83.75,"6'11.75""",5.25,215,14,San Antonio Spurs,SAS,136.03,14.54,13,12,2,81,79,7.73,157,0.99,0.01,0.57,0.40,0.01,0.01,9,10,17,6,12,24,12,20,15,10,12,11,17,13,8,34,10,26,14,10,14,18,15,9,19,8,15,12,16,17,12,13,7,8,17,12,15,14,11,22,8,14,11,13,2,11,24,7,11,16,11,12,12,5,22,17,24,7,25,14,23,12,12,9,13,13,14,14,8,19,29,18,9,18,9,11,19,9,16,14,12,14,24,6,17,9,10,11,16,22,10,18,7,10,12,14,12,20,22,14,10,25,11,14,20,81,24,16,16,8,13,19,7,23,17,17,,8,12,8,15,15,28,12,11,17,3,23,24,15,10,4,22,9,15,10,12,11,14,23,16,19,11,15,19,24,16,8,12,18,9,10,6,9,15,11,16,7
14,Jase Richardson,Guard,Big 10,Michigan State,#18453B,19.69,72.5,"6'0.5""",78,"6'6""",5.5,178,25,Orlando Magic,ORL,135.58,14.56,13,8,2,48,46,7.68,156,0.99,0.02,0.53,0.43,0.03,0.00,17,19,10,24,11,27,3,13,12,21,18,16,22,14,6,30,27,19,18,20,9,19,23,21,15,15,26,8,24,11,5,6,17,15,9,34,8,13,19,39,18,6,12,8,17,15,16,8,8,21,13,11,17,25,2,13,6,13,12,16,10,3,8,18,7,8,8,19,26,9,10,9,8,9,7,7,15,10,17,7,10,29,7,11,20,12,12,6,6,7,16,11,6,13,19,5,48,10,17,29,6,7,19,17,15,25,19,15,9,27,17,15,14,5,22,,9,10,14,6,13,17,22,8,12,12,,10,27,11,6,19,8,8,13,8,5,6,30,19,19,20,5,7,14,9,15,14,34,14,12,18,28,6,22,25,20,15
15,Jeremiah Fears,Guard,SEC,Oklahoma,#841617,18.7,74.5,"6'2.5""",77.25,"6'5.25""",2.75,180,7,New Orleans Pelicans,NOP,134.61,13.76,12,7,2,55,53,7.93,152,0.96,0.05,0.55,0.38,0.03,0.00,18,11,6,19,9,5,29,8,13,9,8,7,11,11,15,19,5,18,9,15,23,13,14,20,16,6,9,24,8,12,17,19,21,21,13,8,12,6,13,9,7,22,23,26,18,26,7,10,21,55,17,13,9,27,21,4,7,11,5,17,21,8,24,22,14,7,20,9,7,15,,15,,16,23,27,8,12,8,3,17,7,17,24,,,8,5,21,19,7,6,20,8,11,12,13,26,16,7,7,18,13,20,12,19,7,3,11,10,7,20,3,8,21,6,2,11,15,11,7,9,3,,28,7,17,3,5,13,16,32,15,22,8,,10,29,8,26,5,21,32,8,9,18,9,3,7,7,7,25,14,31,6,12,5,13
16,Nique Clifford,Wing,Mountain West,Colorado State,#1E4D2B,23.38,77.25,"6'5.25""",80,"6'8""",2.75,202,24,Sacramento Kings,SAC,129.94,18.08,17,17,6,58,52,7.31,151,0.96,0.00,0.30,0.66,0.05,0.00,23,16,18,12,20,13,8,15,17,14,20,,30,18,17,13,20,16,19,,18,16,17,15,22,45,11,15,12,15,19,31,12,18,15,14,17,17,15,18,17,24,21,21,8,14,13,18,20,14,29,17,16,14,18,12,27,23,15,12,8,20,29,16,22,12,19,12,19,17,15,21,13,22,,23,13,19,13,26,19,12,11,13,13,20,17,19,15,21,22,16,21,15,20,34,22,18,21,12,32,21,,11,18,52,10,12,14,18,25,30,12,6,12,13,,17,18,18,16,14,24,,20,58,,30,13,21,19,16,24,38,17,17,17,15,15,10,14,24,9,17,20,21,17,27,20,16,16,16,12,11,10,16,11,6
17,Walter Clayton Jr.,Guard,SEC,Florida,#FA4616,22.3,74,"6'2""",76,"6'4""",2,199,18,Utah Jazz,UTA,127.79,20.28,20,20,3,41,38,6.25,151,0.96,0.01,0.17,0.78,0.05,0.00,20,29,28,25,26,20,27,24,22,22,28,17,,25,7,19,24,14,34,21,8,25,25,17,27,28,12,19,19,19,18,18,15,22,22,24,23,27,18,19,24,15,19,12,,16,20,15,17,12,25,21,20,31,24,15,28,15,19,25,20,22,26,23,26,18,22,17,27,23,3,23,,19,24,14,12,23,24,17,23,20,,15,12,,25,17,8,25,26,12,14,18,16,18,26,16,15,20,17,22,22,22,13,21,23,21,24,22,24,23,13,17,19,18,5,25,20,,17,21,32,,14,41,12,38,20,26,28,27,35,14,16,11,24,12,20,8,12,17,10,24,26,22,20,16,33,20,27,22,13,30,12,20,15,17
18,Rasheer Fleming,Wing,A-10,Saint Joseph's,#9E1B32,20.96,80.25,"6'8.25""",89.75,"7'5.75""",9.5,232,31,Phoenix Suns,PHX,127.18,20.90,20,21,5,78,73,9.61,151,0.96,0.00,0.21,0.71,0.07,0.01,33,24,25,22,19,17,11,21,23,19,27,18,8,20,28,26,26,21,12,13,,17,19,11,23,78,13,21,15,23,20,25,16,23,20,17,19,22,21,12,20,9,22,28,5,12,21,25,26,6,18,19,18,11,20,27,13,19,22,,17,6,49,12,23,22,16,16,18,20,28,22,11,14,20,26,16,26,15,11,14,16,22,21,14,10,15,23,28,,29,21,24,25,35,29,9,13,24,16,27,34,16,12,29,69,8,25,21,32,20,21,25,13,14,23,,16,21,17,19,16,20,,21,35,5,36,17,30,17,,29,19,28,,16,27,18,16,27,12,47,14,17,30,19,21,31,22,18,11,41,23,8,22,18,18
19,Cedric Coward,Wing,PAC 12,Washington State,#981E32,21.79,77.25,"6'5.25""",86.25,"7'2.25""",9,213,11,Memphis Grizzlies,MEM,127.17,20.05,18,21,5,97,92,12.07,149,0.94,0.00,0.27,0.68,0.03,0.02,10,18,5,15,15,25,32,18,18,13,21,15,21,17,23,24,14,22,26,11,15,30,16,10,24,96,22,18,30,10,21,21,8,10,21,13,16,15,10,21,26,13,17,20,27,25,18,22,18,29,14,18,21,8,28,21,30,16,17,23,13,5,23,15,17,20,21,20,15,16,,26,,21,,28,,17,26,8,13,21,12,12,7,14,18,13,18,11,18,7,16,17,13,35,14,19,23,21,26,29,20,19,17,77,26,23,20,12,12,11,10,35,16,19,,15,16,19,24,23,97,,19,29,13,,25,20,44,,25,27,19,14,,26,9,22,20,11,23,21,30,28,13,12,16,13,15,7,23,18,19,17,19,10
20,Adou Thiero,Wing,SEC,Arkansas,#9D2235,21.13,78.25,"6'6.25""",84,"7'0""",5.75,218,36,Los Angeles Lakers,LAL,126.22,21.03,21,27,2,60,58,9.34,149,0.94,0.01,0.26,0.60,0.13,0.01,27,37,35,29,30,40,21,16,14,27,32,,24,23,16,38,18,24,24,27,13,26,36,25,18,38,28,17,21,36,16,22,5,7,34,30,9,36,22,28,28,16,7,9,,17,27,12,9,9,8,16,,18,15,20,10,25,37,19,28,21,13,36,31,27,11,18,34,21,25,11,19,24,15,9,14,15,25,31,25,27,23,10,11,8,27,18,12,13,32,37,,16,15,20,16,60,18,27,25,10,21,9,7,2,28,18,25,26,23,14,15,22,27,21,,30,11,,22,20,38,14,13,27,,22,40,8,,7,23,23,25,7,,5,23,20,13,14,4,20,23,11,26,24,28,17,23,15,20,10,16,27,27,30
21,Asa Newell,Big,SEC,Georgia,#BA0C2F,19.71,81,"6'9""",83.25,"6'11.25""",2.25,224,23,Atlanta Hawks,ATL,125.70,20.23,19.5,19,8,43,35,6.74,146,0.92,0.00,0.22,0.71,0.07,0.00,30,21,20,33,16,11,19,22,20,20,19,13,27,15,31,34,32,9,33,9,23,10,18,14,13,10,23,23,20,18,14,12,28,34,11,29,22,24,14,17,12,,18,24,16,20,19,26,23,19,19,24,,32,11,37,15,18,30,15,14,28,10,21,18,19,18,8,29,,19,19,,28,,29,23,18,20,20,24,24,20,19,,25,19,29,,24,15,13,19,21,24,9,43,11,10,24,23,12,26,25,,24,18,27,15,25,16,29,18,19,10,,17,19,24,,18,18,10,17,22,9,,26,11,16,12,20,11,15,21,19,13,19,26,31,24,25,27,16,13,12,21,28,22,,13,19,29,29,23,21,21,27
22,Ryan Kalkbrenner,Big,Big East,Creighton,#005CA9,23.44,85,"7'1""",90,"7'6""",5,257,34,Charlotte Hornets,CHA,123.06,24.28,25,32,4,54,50,9.32,149,0.94,0.00,0.17,0.53,0.30,0.00,26,27,29,32,31,31,13,25,19,28,33,,20,31,20,31,41,23,11,25,10,32,26,31,34,19,31,14,40,28,22,11,25,19,23,26,18,32,25,35,54,11,13,11,,18,33,17,13,45,20,22,,24,36,24,36,33,24,40,37,25,52,34,29,11,17,21,32,,7,14,12,20,10,15,18,14,22,16,27,13,30,17,,26,32,28,20,20,33,26,11,22,18,38,15,27,19,13,24,17,33,23,10,4,33,24,33,30,32,24,,32,26,26,11,33,19,,21,27,35,13,16,19,,52,31,10,32,6,28,32,20,12,27,10,27,15,18,22,16,23,32,17,29,26,27,32,,17,38,21,31,29,30,31
23,Noah Penda,Wing,French LNB Élite,Le Mans Sarthe,#EC672C,20.47,79,"6'7""",84,"7'0""",5,225,32,Orlando Magic,ORL,120.79,24.03,23,16,7,52,45,8.11,143,0.91,0.00,0.09,0.67,0.24,0.00,15,31,31,17,28,28,25,17,21,33,31,,,19,19,25,16,38,32,16,24,33,31,30,11,52,41,20,25,21,,41,10,25,26,33,13,19,20,26,15,18,16,22,28,21,31,19,16,42,21,20,,9,16,19,26,21,13,18,16,23,16,17,30,29,27,34,28,10,,13,,17,16,20,,21,23,36,20,,28,16,,19,21,34,22,,31,27,18,19,23,32,7,14,27,8,35,26,35,18,32,38,22,28,32,24,22,31,24,33,20,15,,31,22,,23,22,26,21,25,26,16,20,28,24,24,15,14,33,29,,,22,35,27,22,15,25,26,22,25,22,50,11,33,29,20,31,13,42,24,,32
24,Egor Demin,Guard,Big 12,BYU,#0062B8,19.31,80.25,"6'8.25""",82.25,"6'10.25""",2,199,8,Brooklyn Nets,BKN,120.22,23.29,22.5,26,4,63,59,10.00,140,0.89,0.00,0.21,0.57,0.21,0.01,25,13,22,11,18,9,18,37,32,15,11,8,28,24,35,8,15,30,36,30,,20,4,7,25,14,14,34,14,26,24,32,33,31,18,22,28,18,26,13,41,30,,,19,22,28,52,,63,,31,11,22,32,30,12,20,23,30,19,33,32,14,16,26,35,26,10,,,37,,40,,34,25,,21,21,16,4,14,,,,20,26,38,14,13,29,26,34,30,17,34,28,38,4,13,39,15,21,36,27,20,26,18,16,18,16,30,34,25,,20,22,30,15,27,19,6,,30,15,9,16,9,31,26,29,16,21,22,,26,,11,28,28,35,45,29,18,39,18,18,10,9,24,,33,15,26,13,29,21
25,Danny Wolf,Big,Big 10,Michigan,#FFCB05,21.14,82.5,"6'10.5""",86.25,"7'2.25""",3.75,252,27,Brooklyn Nets,BKN,115.00,27.04,27,30,3,59,56,8.61,136,0.86,0.01,0.06,0.63,0.31,0.00,13,20,32,13,23,32,10,28,31,17,25,,12,21,22,23,17,37,31,22,,22,20,27,28,27,21,28,38,27,30,36,34,,29,20,26,33,23,23,42,,,,22,29,15,36,,54,22,32,,13,19,38,31,24,34,28,35,29,37,25,32,31,24,29,22,18,16,30,,37,,,30,,29,33,22,17,29,,18,,26,31,35,,21,25,36,47,40,27,30,59,3,17,31,33,17,26,37,44,11,39,28,31,30,26,19,30,39,30,23,23,36,13,30,25,27,,,33,22,24,32,37,27,,21,30,30,,20,37,25,,41,18,42,,28,26,24,20,25,15,26,,16,16,27,14,25,29
26,Joan Beringer,Big,Adriatic ABA,KK Cedevita Olimpija,#F26E21,18.62,83,"6'11""",88.25,"7'4.25""",5.25,235,17,Minnesota Timberwolves,MIN,114.10,26.64,25,23,7,50,43,8.59,133,0.84,0.00,0.05,0.65,0.30,0.00,19,23,34,18,21,18,20,31,30,23,15,28,,29,25,21,21,12,23,18,,28,13,,35,32,29,27,47,38,23,23,22,35,38,18,25,26,28,40,21,,,18,25,36,49,50,25,11,28,23,,17,7,25,41,26,29,27,31,24,25,35,20,21,43,49,14,,,29,,33,18,24,22,,32,25,,,,25,,,30,33,,,19,23,28,33,17,25,45,38,14,,20,20,25,30,21,49,32,17,34,15,31,18,,31,36,,,32,27,,28,,21,15,23,31,24,18,18,17,45,23,34,35,23,,18,20,22,24,39,28,20,,27,20,31,34,17,31,28,21,42,20,37,30,26,26
27,Drake Powell,Wing,ACC,North Carolina,#7BAFD4,19.8,77.25,"6'5.25""",84,"7'0""",6.75,200,22,Brooklyn Nets,BKN,112.69,28.17,27,24,9,80,71,8.76,133,0.84,0.00,0.03,0.67,0.29,0.01,34,28,16,21,37,22,44,29,29,37,29,,,30,32,39,13,15,35,42,,47,35,29,33,46,38,33,29,22,25,20,26,9,25,27,24,20,36,31,16,,,29,23,24,25,13,29,36,24,26,,28,37,26,23,30,32,29,12,19,19,39,24,24,28,30,33,,,24,18,15,21,19,21,25,30,27,,25,,23,,21,39,27,30,,27,28,,29,27,24,18,22,43,25,33,24,36,28,25,80,16,32,27,35,35,32,27,27,18,28,,37,23,,26,29,41,20,24,49,,40,22,22,,,26,31,24,,,34,24,,35,33,46,25,25,23,28,32,24,23,,,26,27,30,,,22
28,Nolan Traore,Guard,French LNB Élite,Saint-Quentin,#194187,19.08,75,"6'3""",80,"6'8""",5,175,19,Brooklyn Nets,BKN,111.46,26.18,24.5,30,6,87,81,11.24,126,0.80,0.00,0.06,0.67,0.24,0.02,22,15,19,23,24,6,17,19,27,26,23,24,,26,87,19,19,44,27,28,,15,34,22,17,16,20,,17,25,,34,30,28,16,16,30,21,24,14,65,,,,20,52,34,,33,64,,30,,36,47,22,29,29,20,20,33,18,21,20,11,34,36,42,21,25,,39,,26,,30,,24,18,23,15,,15,,,,22,25,34,,25,30,32,14,39,23,27,31,33,,34,31,30,32,30,47,17,36,29,17,19,25,26,,13,20,,18,28,,31,,16,,,30,,7,6,43,15,,31,16,37,,29,,21,30,36,23,30,18,15,34,23,17,13,28,19,,32,,21,23,22,20
29,Will Riley,Wing,Big 10,Illinois,#E84A27,19.37,80.25,"6'8.25""",80.75,"6'8.75""",0.5,186,21,Washington Wizards,WAS,108.97,27.99,27,24,7,80,73,11.01,124,0.78,0.00,0.05,0.65,0.28,0.02,24,32,26,30,25,19,48,35,28,29,24,25,,22,80,32,7,32,47,24,,27,24,23,20,43,19,,10,37,,35,35,30,32,31,,28,31,27,55,,,,7,32,35,49,,50,,50,,23,30,18,17,32,18,33,22,27,15,28,50,42,26,25,20,,,28,,25,,,28,,40,24,29,,27,,,,24,20,26,17,20,22,37,23,43,15,35,36,28,,28,36,18,27,19,73,21,,13,29,28,10,28,15,23,24,,27,26,,20,24,29,,,21,,25,19,32,18,,17,18,41,,19,35,37,29,23,30,,,21,36,30,13,23,25,25,,15,24,24,,28,33
30,Bogoljub Marković,Big,Adriatic ABA,KK Mega Basket,#CB2F6D,19.95,82.5,"6'10.5""",83.5,"6'11.5""",1,213,47,Milwaukee Bucks,MIL,105.54,32.34,33,37,7,61,54,10.89,125,0.79,0.00,0.06,0.35,0.57,0.02,42,50,30,27,36,37,30,39,37,35,39,,,33,38,35,39,51,29,33,19,31,37,,21,36,52,31,58,54,32,14,,26,49,46,27,29,40,49,31,19,20,15,,33,26,29,19,35,,27,,37,29,36,39,38,47,,24,,47,38,28,33,29,23,37,,22,,,34,19,21,,27,33,50,,,,27,,18,40,,31,,39,49,29,44,31,36,37,21,56,,11,14,31,,38,29,40,34,,33,26,36,,,38,22,10,61,25,,36,,18,22,18,20,7,27,37,29,37,17,33,40,33,,,21,36,14,51,38,24,,36,14,37,38,32,27,,,30,,60,,14,35
31,Ben Saraf,Guard,German BBL,Ratiopharm Ulm,#D74F37,19.2,78,"6'6""",80.75,"6'8.75""",2.75,199,26,Brooklyn Nets,BKN,104.59,29.46,28,28,4,62,58,8.87,117,0.74,0.00,0.05,0.57,0.37,0.01,28,25,27,26,27,44,23,23,26,25,30,,,32,62,12,30,34,25,32,,14,21,28,26,13,35,29,23,20,,40,,,31,25,,23,29,38,51,28,,,,31,14,46,,46,26,34,,21,33,23,32,28,26,37,43,31,56,26,39,32,33,44,24,,,32,,,,,,,39,22,,28,25,,,,28,32,37,,30,20,,31,29,21,47,50,34,28,19,32,28,37,,28,31,20,30,23,27,35,,,32,,,24,29,,32,,4,,,25,,14,44,28,21,30,30,34,27,,,39,28,21,37,29,41,19,29,35,25,30,30,24,21,,25,,25,18,,24
32,Liam McNeeley,Wing,Big East,UConn,#E4002B,19.71,78.75,"6'6.75""",80.5,"6'8.5""",1.75,215,29,Charlotte Hornets,CHA,104.58,29.47,27,27,7,84,77,11.42,117,0.74,0.00,0.03,0.61,0.32,0.04,21,17,24,28,22,23,60,36,34,24,17,19,26,27,44,33,,42,44,23,,21,27,24,32,31,27,,13,16,,,31,32,19,39,,25,34,24,66,,,,24,61,38,47,,62,,28,,20,23,33,35,22,27,26,40,26,50,19,21,38,34,27,23,,,,,35,,,,,41,28,,30,,30,,,23,37,27,,23,17,,35,44,37,19,17,25,30,38,37,29,36,,84,27,30,23,20,29,28,16,,24,,,20,31,,29,26,23,,27,28,11,21,23,41,7,,18,20,40,,14,,29,25,31,,43,27,24,37,27,15,18,,,,34,34,29,,,28
33,Johni Broome,Big,SEC,Auburn,#E87722,22.93,81.25,"6'9.25""",84.25,"7'0.25""",3,249,35,Philadelphia 76ers,PHI,103.86,33.29,34,35,4,71,67,10.53,123,0.78,0.00,0.04,0.29,0.65,0.02,40,35,50,41,34,38,28,27,33,34,40,,23,36,24,47,,33,15,31,17,24,33,37,38,17,37,25,34,34,29,29,32,37,53,40,,38,27,37,64,29,24,25,,39,51,32,27,52,,35,,47,26,31,,31,44,39,54,,14,,44,39,25,35,41,22,4,36,,,22,33,20,,34,32,,,,,,,,40,23,,40,39,33,42,28,26,41,71,31,,21,35,48,33,,22,43,35,37,34,38,47,,39,40,,15,41,35,,35,,31,18,,23,,32,38,27,,12,36,37,31,18,,16,49,,29,26,12,,35,31,32,33,36,39,,26,27,14,46,,,51
34,Maxime Raynaud,Big,ACC,Stanford,#8C1515,22.22,84.25,"7'0.25""",85.25,"7'1.25""",1,237,42,Sacramento Kings,SAC,102.25,32.68,31,31,13,91,78,11.88,118,0.75,0.00,0.04,0.44,0.50,0.02,31,26,14,31,38,30,59,33,44,31,26,,,28,55,29,34,31,16,36,,34,30,26,37,54,18,22,26,30,34,,29,27,33,28,,41,30,20,14,,,,26,38,22,51,,13,,44,19,29,54,45,37,39,35,31,46,34,76,24,27,47,32,37,31,14,,40,,23,,,,,19,37,,,16,,16,,31,30,33,,28,34,,50,47,54,20,23,40,,37,30,32,24,,91,38,42,26,42,21,27,,37,31,,,26,33,,37,28,44,,,34,14,53,30,,23,,27,,42,,22,,31,36,45,27,,,33,29,39,29,29,,30,,24,,20,28,23,25
35,Kam Jones,Guard,Big East,Marquette,#FFCC00,23.33,75.25,"6'3.25""",78,"6'6""",2.75,202,38,Indiana Pacers,IND,101.62,33.42,32,32,11,73,62,10.58,118,0.75,0.00,0.02,0.42,0.53,0.03,32,34,36,39,32,43,45,26,24,32,46,21,,37,41,42,42,43,65,26,,35,32,32,31,41,25,,32,35,,38,,40,30,21,,42,32,33,32,,,,,40,23,38,,25,23,25,,58,35,28,,27,28,22,59,35,73,,33,37,38,43,40,,13,20,,,,22,27,,28,29,28,,26,28,,,29,24,19,,46,43,,32,26,22,33,61,30,,18,44,46,29,,18,51,19,39,28,33,39,11,28,28,27,24,29,38,,25,30,33,,29,45,,39,43,39,55,,32,36,26,20,,,34,32,25,,,,34,44,,59,,29,,,18,28,28,,24,34
36,Hansen Yang,Big,Chinese CBA,Qingdao,#C62B23,19.99,85,"7'1""",86.75,"7'2.75""",1.75,253,16,Portland Trail Blazers,POR,101.25,33.84,34,39,12,67,55,11.09,118,0.75,0.00,0.03,0.34,0.62,0.01,48,43,43,37,33,33,,32,41,42,35,,,34,27,14,,28,20,38,,39,22,40,30,,39,26,48,39,31,28,27,12,57,43,,31,37,34,67,20,,23,,23,44,28,28,51,,37,,43,25,47,25,35,45,41,30,,46,42,37,25,23,39,25,,,,15,31,,17,,,27,54,,19,,,,23,37,39,,,35,52,25,38,41,33,39,32,39,19,40,15,43,43,26,50,35,50,45,55,34,12,,,30,,16,38,32,,34,,12,23,26,18,25,34,33,44,50,,20,26,38,,,33,32,,44,36,37,,38,15,,58,,26,,,19,19,47,,,47
37,Javon Small,Guard,Big 12,West Virginia,#EAAA00,22.52,73,"6'1""",76.75,"6'4.75""",3.75,190,48,Memphis Grizzlies,MEM,98.99,36.46,36,41,6,66,60,12.75,118,0.75,0.00,0.02,0.37,0.56,0.05,65,54,47,,48,41,34,54,25,44,48,,,55,26,40,,40,22,40,25,42,,41,52,35,58,,50,48,27,27,,41,28,59,,55,64,66,29,,25,27,,41,30,33,24,28,27,29,,33,63,29,18,36,38,24,34,,65,,25,36,31,33,57,,17,27,,27,26,31,29,22,31,39,,,,,,22,49,38,24,27,48,60,22,26,21,31,57,35,20,,,23,,49,23,6,44,22,47,47,43,40,,38,46,25,,43,41,,44,,40,,,39,,37,41,25,49,21,43,29,18,,28,23,38,13,21,,18,,40,32,,56,,38,,,36,,50,,,41
38,Hugo González,Wing,Spanish ACB,Real Madrid,#FEBE10,19.39,78.25,"6'6.25""",82.75,"6'10.75""",4.5,223,28,Boston Celtics,BOS,98.45,33.01,32.5,29,9,73,64,10.00,110,0.70,0.00,0.02,0.41,0.55,0.03,29,30,23,42,29,26,26,34,39,30,22,,,35,48,30,29,25,61,29,,29,28,38,29,34,34,32,27,32,,30,,33,24,15,,30,33,25,33,27,,,,,50,,,56,,41,,35,50,34,42,40,33,35,53,32,28,32,34,23,41,40,30,,,,,38,,,,,38,35,,26,13,29,,,34,,,23,24,35,,36,37,28,38,15,55,26,36,28,23,40,33,64,29,31,22,19,37,37,,,35,29,,40,42,,33,,73,,,37,,19,26,,9,,38,28,,,,,17,,,32,31,,31,33,38,35,26,34,20,,51,,33,26,,37
39,Sion James,Wing,ACC,Duke,#003087,22.56,76.5,"6'4.5""",78.5,"6'6.5""",2,218,33,Charlotte Hornets,CHA,92.26,38.89,39,40,18,99,81,11.62,107,0.68,0.00,0.00,0.23,0.75,0.02,38,41,42,40,40,49,36,45,40,45,45,,19,39,34,52,25,27,30,35,,50,47,,40,76,46,35,53,29,28,33,24,48,39,56,,35,41,57,40,26,,,,35,36,23,,37,,40,,38,31,40,,44,51,36,29,,27,29,36,49,40,38,38,,18,,,39,,,26,,43,30,26,22,,,,,54,22,,28,45,36,30,56,32,56,55,39,29,22,,42,40,34,,58,50,40,,45,44,33,,36,45,,,34,39,,40,,99,,,,,31,49,,20,,41,,32,,,,39,33,26,41,,,48,42,,53,40,,,,21,,36,,,
40,Amari Williams,Big,SEC,Kentucky,#0033A0,23.41,82.5,"6'10.5""",90,"7'6""",7.5,255,46,Boston Celtics,BOS,90.25,40.81,40.5,30,5,87,82,15.09,106,0.67,0.00,0.01,0.32,0.58,0.08,75,49,,,55,52,31,51,43,56,57,,5,40,21,,,46,41,49,22,48,,,45,22,36,,,41,26,,,45,52,71,29,58,35,70,23,23,26,30,,53,56,24,30,17,30,42,,59,51,51,20,48,62,45,32,,54,,42,35,30,36,48,,30,25,,29,,25,,30,48,41,,,,26,,24,,,,26,57,53,,37,33,87,,30,35,,,27,34,31,22,26,46,47,40,67,54,44,,21,49,,,53,37,,38,,70,,,,,29,52,34,60,,46,25,45,,,25,56,,34,,19,,45,27,,84,,30,,,37,,45,,,53
41,Tyrese Proctor,Guard,ACC,Duke,#003087,21.23,76.25,"6'4.25""",79.25,"6'7.25""",3,183,49,Cleveland Cavaliers,CLE,84.25,43.47,42,39,16,82,66,11.64,97,0.61,0.00,0.00,0.11,0.82,0.06,36,36,48,38,43,39,,48,50,41,43,,,42,57,58,,57,57,39,,45,,34,39,30,49,30,39,44,,37,36,54,47,58,,34,44,30,50,,,,,82,52,59,,53,,45,,39,34,71,,34,53,32,36,,60,31,53,53,53,24,39,,,,,30,,,,29,55,34,,,,,,,38,16,36,,43,50,39,51,,39,32,72,48,,30,68,47,38,,59,39,,,40,49,,,26,44,,,35,47,,43,,43,,,52,,45,39,33,38,,42,,43,,,,45,,43,,,28,41,,,23,38,,,,80,,34,,,38
42,Rocco Zikarsky,Big,Aus. NBL,Brisbane,#0070BA,18.96,87,"7'3""",88.75,"7'4.75""",1.75,257,45,Minnesota Timberwolves,MIN,83.76,43.54,42,40,17,80,63,12.08,96,0.61,0.00,0.00,0.13,0.77,0.10,50,40,56,44,45,72,,38,36,58,41,30,,46,52,44,31,29,43,51,,38,41,,36,50,48,,33,50,,26,,36,43,70,,40,50,48,27,,,,,37,,,,61,,39,,55,39,44,44,45,71,,67,30,35,43,56,40,55,45,43,,,,,,,,,,37,,,,,,,,43,,,18,41,46,,24,34,30,40,47,42,,41,38,39,47,,60,,41,36,54,40,46,,18,42,,,56,34,,52,,25,,,50,,33,72,36,29,,48,17,35,,,40,64,,,34,,,39,38,,80,,35,,,60,,52,,,56
43,Alex Toohey,Wing,Aus. NBL,Sydney,#6639A5,21.14,79.75,"6'7.75""",82.75,"6'10.75""",3,223,52,Golden State Warriors,GSW,80.91,43.20,43,37,11,70,59,9.67,89,0.56,0.00,0.01,0.08,0.87,0.04,37,39,45,,39,56,,40,47,50,37,,,44,39,36,,36,28,45,,46,43,39,42,37,61,,52,47,,,,24,37,44,,,48,43,38,,,,,45,43,,,26,,46,,38,27,39,11,43,58,,70,,48,,41,,52,48,46,,,33,,,,,,,50,48,,,,,,,42,,,,37,48,,53,56,40,28,42,50,,29,58,60,44,27,57,56,37,42,41,36,34,,,37,,,57,45,,53,,45,,,38,,35,56,40,43,,,,,,,,66,,,37,36,,37,58,,36,39,,,,49,,44,,,46
44,Max Shulga,Guard,A-10,VCU,#FFB300,23,76.25,"6'4.25""",77.75,"6'5.75""",1.5,206,57,Boston Celtics,BOS,80.82,43.31,40,40,17,98,81,16.14,89,0.56,0.00,0.00,0.21,0.64,0.15,47,63,,,60,85,39,55,35,48,76,,,48,51,55,,17,67,,,36,,,,70,,,,43,,24,,47,40,57,,71,69,42,22,,,,,42,47,31,32,27,,36,,40,38,41,,46,98,47,74,,,,52,30,39,,58,,27,,,32,25,32,,,42,43,,,,,,,52,,29,,,32,31,30,25,53,23,24,37,,,40,57,39,24,42,,38,,36,48,,,25,48,,,49,40,,46,,42,,,,,,85,23,35,,,,44,,23,24,55,,38,,17,,51,40,,60,,40,,23,40,32,69,,,
45,Koby Brea,Wing,SEC,Kentucky,#0033A0,22.64,77.75,"6'5.75""",77.25,"6'5.25""",-0.5,202,41,Phoenix Suns,PHX,80.60,44.21,44,49,20,79,59,10.72,90,0.57,0.00,0.00,0.08,0.86,0.07,49,57,41,35,42,47,51,42,42,36,47,20,,38,69,48,,60,55,41,,51,40,,47,,40,,35,31,,,23,57,42,52,,44,39,41,49,,,,,47,,,,49,,33,,41,55,32,,37,49,46,25,,75,41,38,,59,28,45,,,,,,,,,28,,44,,,,,,,33,36,40,,47,45,35,28,53,79,44,57,47,,,49,52,35,,71,45,29,,49,42,45,,,51,,,36,49,,41,,,,,,,60,47,38,,,52,,34,,,,43,,52,31,,,49,49,33,31,,,,,54,,41,,,44
46,Yanic Konan N.,Big,Big 10,Penn State,#FFFFF,22.28,83.25,"6'11.25""",87.25,"7'3.25""",4,243,30,Los Angeles Clippers,LAC,79.29,44.75,43,41,8,136,128,15.36,88,0.56,0.00,0.02,0.06,0.86,0.06,41,33,33,,35,35,56,61,51,38,34,,14,43,30,45,35,47,40,50,,52,38,35,46,57,32,,37,45,33,,,60,41,41,,37,45,32,43,,,,,56,41,42,,43,,51,,52,,53,40,52,40,38,48,,,30,45,50,51,,35,,,,,,,,,,36,55,,,,,,,59,,,,34,42,,,57,92,49,48,54,,,47,27,41,,8,34,51,31,38,45,41,,,29,,,39,48,,54,,136,,,,,48,35,,,,50,,47,,,,48,,56,,,,53,47,,83,,,,,48,,43,,,23
47,Chaz Lanier,Wing,SEC,Tennessee,#FF8200,23.52,75.75,"6'3.75""",81,"6'9""",5.25,206,37,Detroit Pistons,DET,77.38,44.24,42,42,17,78,61,10.20,83,0.53,0.00,0.00,0.06,0.84,0.10,44,42,39,,41,29,,53,45,39,38,,,41,40,17,,49,48,34,,41,51,36,43,,45,,43,68,,,,49,35,48,,43,38,52,62,,,,,48,37,48,,58,,43,,54,62,42,,42,42,49,51,,78,33,40,,,41,36,,,,,,,,,,,47,30,,,,,,36,,,,38,38,,39,38,67,31,73,46,,,45,42,46,,62,37,,46,39,39,42,,,33,,,28,43,,,,,,,,,56,29,,51,,57,,49,,,,42,,40,,,,43,45,,40,,37,,,61,,35,,,45
48,Jamir Watkins,Wing,ACC,Florida State,#782F40,23.98,77,"6'5""",83.25,"6'11.25""",6.25,215,43,Washington Wizards,WAS,76.43,46.18,44,44,20,90,70,11.87,84,0.53,0.00,0.00,0.02,0.86,0.12,54,59,44,,47,60,,44,38,47,36,,,52,82,20,,35,68,46,,56,45,33,44,25,42,,44,40,,,,62,,35,,48,43,36,59,,,,,43,48,45,,,,38,,50,66,35,,53,52,34,50,,61,37,64,,37,32,47,,,,,36,,,,,59,42,,,,,,,44,,,,36,44,,55,36,90,46,49,32,,,41,37,,,70,59,33,50,57,41,38,,,55,,,45,44,,59,,,,,,,42,60,,53,,40,,36,,,,47,34,32,,,,47,41,,,,,,,45,,32,,,36
49,John Tonje,Wing,Big 10,Wisconsin,#C5050C,24.17,76.75,"6'4.75""",81,"6'9""",4.25,212,53,Utah Jazz,UTA,71.43,49.99,48,44,20,84,64,12.52,79,0.50,0.00,0.00,0.05,0.77,0.18,35,44,37,45,44,63,55,72,48,,42,,29,47,43,46,,,39,44,,81,,,54,65,66,,42,62,,,,39,50,55,,77,59,74,84,,,,,50,,,,23,,,,46,72,48,,47,41,53,41,,53,,47,44,,50,50,,20,35,,,,,,,,,,,,,,,35,,,,42,65,,,48,48,54,29,51,,,55,38,,,34,,46,,46,56,43,,,59,,,47,54,,49,,74,,,,,51,63,,59,,39,,50,,,,68,35,57,,,,42,55,,44,,,,,44,,54,,,54
50,Alijah Martin,Wing,SEC,Florida,#FA4616,23.49,73.5,"6'1.5""",79.5,"6'7.5""",6,208,39,Toronto Raptors,TOR,70.29,50.96,48,46,23,147,124,15.65,78,0.49,0.00,0.00,0.03,0.81,0.17,39,46,40,,46,73,57,43,55,40,58,,,51,42,75,37,,70,37,,49,,,58,48,43,,36,53,,,,46,,47,,60,58,69,57,,,,,30,39,,,48,,47,,42,64,81,,41,147,,65,,72,,57,,42,52,44,,23,,,,,,,,57,46,,,,,,,46,,32,,58,47,,46,,58,50,51,52,,,46,,45,,46,,,,37,55,49,,,41,,,52,55,,42,,,,,,,55,73,,,,56,,60,,,,33,,33,,,,60,46,,49,37,,,,47,,39,,,49
51,Hunter Sallis,Guard,ACC,Wake Forest,#9E7E38,22.25,75.75,"6'3.75""",82,"6'10""",6.25,181,UDFA,Philadelphia 76ers,PHI,68.91,51.64,52.5,44,24,98,74,12.62,76,0.48,0.00,0.00,0.04,0.75,0.21,52,52,38,,54,53,,41,56,55,55,,,59,91,62,44,55,98,48,,37,42,,59,,54,,45,58,,,,61,58,38,,63,53,29,45,,,,,60,29,40,,,,65,,51,53,70,,62,39,42,82,,62,,59,,,,63,,,,,,,,,,,45,,,,,,,50,,39,,55,57,40,41,42,59,24,58,60,,,71,51,,,41,52,,38,56,46,,,,54,,,44,46,,,,64,,,,,47,53,,,,44,,,,,,44,,54,,,,44,,,61,,,,,,33,40,,,40
52,RJ Luis Jr.,Wing,Big East,St. John's,#BA0C2F,22.58,77.75,"6'5.75""",82.5,"6'10.5""",4.75,210,UDFA,Utah Jazz,UTA,68.32,54.38,54,54,30,97,67,11.86,79,0.50,0.00,0.00,0.01,0.72,0.27,58,62,54,34,57,55,,79,52,52,56,,,56,61,49,43,41,97,47,,40,,,49,66,64,,51,49,,,,50,,53,,39,54,54,90,,,,,34,60,55,,,,49,,53,45,58,,61,60,52,76,,74,,61,,48,54,55,,,34,,,,,,,,56,,,,,,,45,35,,,56,72,,,51,42,52,74,49,,,50,59,,,54,48,,41,77,60,,,,50,,,63,50,,,,66,,,,,44,55,,40,,54,,56,,,,53,,30,,,,46,51,,62,,,,,,,51,,,63
53,Micah Peavy,Wing,Big East,Georgetown,#8D817B,23.94,78.25,"6'6.25""",79.25,"6'7.25""",1,212,40,New Orleans Pelicans,NOP,66.85,49.84,50,54,21,108,87,13.02,69,0.44,0.00,0.00,0.03,0.83,0.14,46,38,,,56,36,62,47,,43,54,,,45,70,50,33,,54,43,,58,49,,48,,50,,,33,,,,59,46,37,,74,47,67,52,,,,,64,40,34,,,,58,,48,52,59,,58,21,54,58,,64,,46,,44,31,54,,,,,,,,,,49,51,,,,,,,60,,,,54,31,,,,108,21,51,,,,64,45,,,33,36,,,48,,,,,,,,50,51,,,,69,,,,,58,36,,,,53,,57,,,,50,,47,,,,52,,,,35,,,,52,,48,,,48
54,Eric Dixon,Big,Big East,Villanova,#13B5EA,24.42,79.5,"6'7.5""",83.5,"6'11.5""",4,259,UDFA,Los Angeles Lakers,LAL,66.54,53.77,53.5,53,27,94,67,12.15,74,0.47,0.00,0.00,0.04,0.70,0.26,67,53,,,49,42,,30,53,53,44,,,58,77,51,,54,50,56,,66,,,51,,65,,31,61,,,,,45,54,,75,61,72,63,,,,,62,59,27,,31,,55,,,57,68,38,80,31,51,27,,,,51,,49,55,42,,,,,,,,,,,,,,,,,,51,,,,44,59,,59,55,94,58,46,45,,,60,53,,,51,42,,48,76,53,,,,47,,,46,57,,45,,57,,,,,57,42,,46,,,,59,,,,58,,53,,,,50,60,,54,,,,,67,,61,,,62
55,Ryan Nembhard,Guard,WCC,Gonzaga,#C8102E,22.29,71,"5'11""",74.25,"6'2.25""",3.25,176,UDFA,Dallas Mavericks,DAL,66.34,52.04,53,57,17,89,72,13.31,71,0.45,0.00,0.00,0.07,0.76,0.17,57,48,46,,50,58,50,49,,,59,,,66,33,54,,50,52,55,,,,,56,,33,,62,42,,,,,36,65,,89,46,53,44,,,,,,57,,,,,66,,57,40,85,,49,75,59,73,,,,35,54,56,57,52,,,,,,,,,,47,57,,,,,,,47,,25,,59,51,,,,73,56,25,53,,,,,,,17,58,,43,61,57,,,,56,,,54,53,,58,,65,,,,,28,58,,33,,49,,54,,,,46,,50,,26,,59,,,76,,,,,53,,38,,,42
56,Kobe Sanders,Wing,Mountain West,Nevada,#003366,23.07,79,"6'7""",80.25,"6'8.25""",1.25,203,50,Los Angeles Clippers,LAC,64.03,53.40,52,57,30,96,66,12.93,68,0.43,0.00,0.00,0.01,0.84,0.15,53,67,,,52,57,,50,57,46,52,,,53,37,64,40,,90,52,,59,50,,42,,30,,41,57,,,,58,,32,,96,57,46,53,,,,,79,42,,,,,54,,49,,52,,59,43,56,39,,,,43,,50,,51,,,,,,,,,,,,,,,,,,41,,,,52,54,,45,,69,,55,59,,,59,,,,78,57,49,,50,47,48,,,43,,,48,,,57,,83,,,,,50,57,,36,,55,,,,,,41,,,,,,64,59,34,86,,,,,55,,49,,,43
57,Vladislav Goldin,Big,Big 10,Michigan,#FFCB05,24.12,84,"7'0""",89.25,"7'5.25""",5.25,253,UDFA,Miami Heat,MIA,63.97,55.58,53,49,29,106,77,13.81,71,0.45,0.00,0.00,0.01,0.69,0.30,51,58,53,,53,66,52,76,49,,49,,,60,29,70,,56,56,58,,72,54,,,60,,,49,59,,,,42,48,69,,50,51,60,88,,,,,54,32,,,44,,48,,56,71,43,34,69,102,50,52,,68,,55,,,60,49,,,,,,,,,,,,,,,,,,,,,,49,58,,43,50,106,,62,41,,,61,44,,,31,,43,,52,59,,,,,,,60,59,,39,,85,,,,,49,66,,,,45,,51,,,,51,,48,,,,56,,,51,,,,,50,,62,,,50
58,Will Richard,Wing,SEC,Florida,#FA4616,22.5,75.25,"6'3.25""",81.75,"6'9.75""",6.5,210,56,Golden State Warriors,GSW,63.61,51.83,50,46,21,91,70,15.80,65,0.41,0.00,0.00,0.09,0.57,0.34,77,60,,,64,78,33,80,46,49,71,27,,50,47,76,,,62,57,,60,,,,47,55,,61,46,,,,,,50,,66,42,,35,,,,,27,,21,,22,,52,,,,49,,57,36,44,64,,30,,66,,,,66,,,38,,,,,,,58,40,,,,,,,,,,,,33,,40,46,44,,63,61,,,48,,,31,36,,48,,80,,,,29,,,,68,,,,,91,,,,,,78,,,,37,,58,,,,57,,42,,34,,67,48,,67,,,,,46,,56,,,52
59,Dink Pate,Wing,G League,Mexico City,#274185,19.29,78.25,"6'6.25""",81.75,"6'9.75""",3.5,201,UDFA,New York Knicks,NYK,61.94,57.94,56,57,29,95,66,14.75,70,0.44,0.00,0.00,0.01,0.64,0.34,71,47,58,44,68,67,,67,,,53,,,57,95,72,36,59,92,59,,43,39,,57,62,51,,46,55,,,,29,51,51,,73,63,45,77,,,,,87,,,,,,75,,,56,69,,90,56,60,84,,38,40,65,,,,56,,,,,,,,,,54,,,,,,,,53,,,,53,70,,54,,55,42,,57,,,87,,,,72,,,35,69,51,,,,52,,,42,56,,,,36,,,,,46,67,,54,,51,,,,,,52,,,39,,,55,,36,57,,,,,82,,57,,,59
60,Brice Williams,Wing,Big 10,Nebraska,#E41C38,23.97,77.25,"6'5.25""",82.75,"6'10.75""",5.5,206,UDFA,Detroit Pistons,DET,60.70,53.31,53,58,24,92,68,11.85,61,0.39,0.00,0.00,0.02,0.74,0.25,43,71,52,,58,46,,52,,54,68,,,49,46,66,,48,37,,,64,,,,,63,,57,52,,,,53,,42,,68,49,55,39,,,,,46,,35,,33,,67,,45,60,66,,51,57,66,47,,44,,58,,54,51,,,,,,,,,,,,58,,,,,,,56,,,,,40,,49,,84,,53,,,,54,,,,35,47,,,44,,,,24,57,,,64,,,50,,,,,,,,46,,,,47,,55,,,,40,,58,,,,63,54,,92,,,,,,,70,,,
61,Chucky Hepburn,Guard,ACC,Louisville,#AD0000,22.38,72.5,"6'0.5""",76.5,"6'4.5""",4,189,UDFA,Toronto Raptors,TOR,59.57,55.90,56,68,9,107,98,17.40,62,0.39,0.00,0.02,0.03,0.56,0.39,56,78,,,66,68,35,56,59,,60,,,63,54,,,52,84,,,,,,,67,53,,,,,39,,,,67,,45,79,63,68,,,,,69,45,57,31,,,63,,,,86,33,54,107,75,77,,66,,54,43,47,53,,,,,,,27,,,,35,59,,,,,,,48,,,,,69,,,,49,,45,,,,43,,,,9,,53,,59,,,,,,,,62,,,48,,49,,,55,,,68,,57,,,,48,,,36,,,,,15,,62,43,,97,,36,,,58,,64,,,
62,Izan Almansa,Big,Aus. NBL,Perth,#ED1D24,20.05,81.25,"6'9.25""",85.75,"7'1.75""",4.5,220,UDFA,Philadelphia 76ers,PHI,53.07,60.22,57,56,34,89,55,14.69,54,0.34,0.00,0.00,0.00,0.57,0.43,70,45,,36,61,89,,75,,,64,,,67,85,53,,,87,,,73,56,,55,42,56,,54,56,,,,,,,,56,81,51,36,,,,,72,55,,,34,,64,,,41,78,,81,85,,45,,51,,,,,,69,,,,,,,,,,,,,,,,,,57,,,,,62,,57,,50,,64,,,39,,50,,,82,,,,73,50,,,,58,,,58,58,,55,,56,,,40,,41,89,,,,,,,,,,,,,,,,54,,,64,,,,,,,72,,,
63,Mark Sears,Guard,SEC,Alabama,#9E1B32,23.35,70.75,"5'10.75""",74,"6'2""",3.25,183,UDFA,Milwaukee Bucks,MIL,52.94,60.44,60,67,21,94,73,13.15,54,0.34,0.00,0.00,0.02,0.46,0.52,60,56,57,,67,59,,68,54,,61,,,69,81,61,,,71,,,63,57,,,,44,,59,67,,,,56,,81,,93,62,47,94,,,,,67,,,,,,53,,,68,54,45,56,68,64,,,,,68,52,,,64,,,,,,,,,,,49,,,,,,,55,,,,,83,,48,,46,,,36,,,,,,,76,,52,44,60,,,,,,,21,55,,,,,,,,,,43,59,,,,,,,,,,67,,,,,,61,,,77,,,,,71,,55,,,60
64,Brooks Barnhizer,Wing,Big 10,Northwestern,#4E2A84,23.31,76.75,"6'4.75""",83,"6'11""",6.25,229,44,Oklahoma City Thunder,OKC,51.87,54.87,54,45,20,122,102,17.39,46,0.29,0.00,0.00,0.09,0.59,0.33,45,70,,,59,,53,58,,57,77,,,,53,,,,64,,,62,,,,26,,,,51,,,,,54,75,,57,52,,,,,,,58,,,,,,,,34,46,65,,50,79,70,,,33,,49,45,,,,,,,,,,,,,45,38,,,,,,,,,,,,56,,,,45,,37,,,,79,54,,,20,,,,58,,,,,53,,,65,,,,,122,,,48,,,,,42,28,,,,,30,,60,,,,,,65,,,,,,,,,,71,,,66
65,Grant Nelson,Big,SEC,Alabama,#9E1B32,23.27,82,"6'10""",84,"7'0""",2,230,UDFA,Brooklyn Nets,BKN,51.77,62.44,63.5,65,4,96,92,15.68,54,0.34,0.00,0.02,0.02,0.43,0.54,73,51,,,65,77,,96,,,62,,,65,67,41,,58,,60,,84,,,53,44,57,,56,,,,,55,,74,,69,78,4,72,,,,,74,,,,41,,71,,,69,76,,77,76,71,,,55,,,28,46,,65,,,,,,,,,,,,,,,,,,,,,,,84,,58,59,81,59,,,,,57,55,,,85,,,49,74,,,,,,,,72,,,47,,,,,,,,77,,,,,,,,,,,,59,40,,,74,57,,,,,,,65,,53,,,57
66,Dylan Cardwell,Big,SEC,Auburn,#E87722,23.53,81.75,"6'9.75""",84.75,"7'0.75""",3,261,UDFA,Sacramento Kings,SAC,51.50,53.41,52.5,61,15,85,70,15.00,44,0.28,0.00,0.00,0.02,0.61,0.36,61,55,,,,,,82,,,85,,,,50,,,45,38,,,76,,,60,82,60,,63,71,,,,38,,,,67,55,,47,,,,,,53,,,32,,57,,,,61,,67,,61,,,39,,,,58,,,,,,,,,35,,,40,,,,,,,,,,,,,,,,49,72,,33,,,,52,56,48,,48,,,,63,,,,,,,,69,,,51,,,,,,,,,,,31,,,52,15,,38,,,46,,,,,50,,,,,,,39,,,,,
67,Tamar Bates,Wing,SEC,Missouri,#F1B82D,22.34,75.75,"6'3.75""",82.25,"6'10.25""",6.5,191,UDFA,Denver Nuggets,DEN,50.37,60.55,64,64,9,97,88,16.57,49,0.31,0.00,0.02,0.02,0.37,0.59,72,64,,,62,34,42,83,,,63,,9,54,78,56,,,85,,,82,,,,,,,,69,,,,,55,72,,64,65,58,97,,,,,49,58,39,,,,74,,,,64,,71,92,57,44,,69,,67,,,56,60,,,,,,,,,,,53,,,,,,,,,,,,64,,,,64,,75,,,,56,,,,68,30,,,72,,,,,,,,66,,,,,,,,,,,34,,,,,,,,,,65,,60,,,,,56,,37,,,,,35,,68,,,
68,Payton Sandfort,Wing,Big 10,Iowa,#F1BE48,22.95,78.25,"6'6.25""",80,"6'8""",1.75,214,UDFA,Oklahoma City Thunder,OKC,50.30,62.47,60,79,23,128,105,18.85,51,0.32,0.00,0.00,0.02,0.47,0.51,65,68,49,,69,79,,59,,51,84,23,,68,76,60,,,,,,44,55,,,,,,,64,,,,,,79,,80,67,59,46,,,,,73,,,,39,,68,,,73,62,,55,128,,,,58,,,,,,67,,,,,,,,,,,52,,,,,,,,,,,,61,34,,52,74,53,44,,,,86,,,34,87,,,,51,,,,,,,,,,,,,102,,,44,,59,79,42,41,,,,,,,,59,,,,38,,58,,,89,,,,,79,,,,,
69,Kadary Richmond,Wing,Big East,St. John's,#BA0C2F,23.83,76.25,"6'4.25""",81.5,"6'9.5""",5.25,206,UDFA,Washington Wizards,WAS,49.73,58.83,57,77,12,100,88,21.30,46,0.29,0.00,0.02,0.11,0.43,0.43,80,84,,,72,98,,88,,,86,,,,59,,,,,,,,,,,23,,,,,,,,44,,85,,47,77,77,56,,,,,28,,,,40,,61,,,49,80,,79,100,48,,,,,63,46,57,,,,,,,,,,,,53,,,,,,,,,,,,,,27,,,43,60,68,,,,51,,50,,12,,,,,,,,,,,,,52,,56,,63,,,59,,,98,,,18,,,,,,30,,38,49,,,,66,52,,,,,,,57,,77,,,
70,Lachlan Olbrich,Big,Aus. NBL,Illawarra,#A52119,21.49,80.75,"6'8.75""",83.25,"6'11.25""",2.5,230,55,Chicago Bulls,CHI,48.53,61.07,59,50,34,88,54,12.98,46,0.29,0.00,0.00,0.00,0.54,0.46,55,86,,,51,50,,46,,,50,,,62,88,71,,,66,,,68,46,,,,59,,,,,,,,56,76,,49,66,56,73,,,,,76,,,,,,,,,42,77,,64,55,,,,,,48,,,,59,,,,,,,,,,,,,,,,,,,,,,50,79,,,,52,51,34,,,,84,,,,83,49,,,62,52,50,,,60,,,59,,,,,84,,,,,,50,,,,,,,,,,,,,,,,57,,,63,,,,,74,,63,,,58
71,Kobe Johnson,Wing,Big 10,UCLA,#2D68C4,22.44,76.5,"6'4.5""",79.5,"6'7.5""",3,193,UDFA,Atlanta Hawks,ATL,46.42,62.02,65,65,22,104,82,18.95,43,0.27,0.00,0.00,0.07,0.37,0.56,76,96,,,70,84,46,86,,,78,,25,75,65,,,39,,,,,,,,104,,,,66,,,,51,44,80,,54,80,,85,,,,,65,,,,,,,,,44,50,,65,,,66,,,,,48,,,,,,,,,,,,,44,,,,,,,,,,,,,71,,,,47,,40,,,,,58,,,55,,45,,65,,,,,,,,74,,,,,,,,57,,54,84,,22,,,,,,,,,,,,22,,69,,,71,,,,,,,79,,,68
72,Viktor Lakhin,Big,ACC,Clemson,#F56600,23.91,83,"6'11""",85.5,"7'1.5""",2.5,245,UDFA,Oklahoma City Thunder,OKC,43.34,67.93,68,62,24,109,85,17.14,43,0.27,0.00,0.00,0.02,0.30,0.67,62,76,59,,63,,65,57,,59,51,,,,,74,,,102,,,77,53,,,40,,,,65,,,,,,92,,62,73,79,,,,,,71,46,,,,,72,,,,88,,92,87,,78,,79,,62,,,,53,,24,,,,,,,,,,,,,,,,,,,,51,77,,,,109,,69,,,,83,49,,,75,,,,43,,,,,,,,70,,,,,93,,,,,,,,,,,,,,,,62,,,,,,68,,,52,,,,,59,,,,,
73,Chris Manon,Wing,SEC,Vanderbilt,#866D4B,N/A,77,"6'5""",N/A,N/A,N/A,215,UDFA,Golden State Warriors,GSW,41.90,51.46,53,58,16,132,116,21.47,28,0.18,0.00,0.00,0.11,0.68,0.21,,,,,,,,,58,,,,,,,,,,60,,,,,,,29,,,,,,,,43,,,,46,60,,58,,,,,68,54,,,38,,56,,,,83,,,,,55,,41,,,,,,,,,,,,,,,,,,,,,,,,,,,,,,,,45,57,,66,58,,,53,,,,43,,,,,,,,,,,,,,,,,132,,,,,,,35,,22,,,46,16,,31,,,,,35,,,53,,,,,,,,,,,,
74,Igor Milicic Jr.,Wing,SEC,Tennessee,#FF8200,22.83,80.75,"6'8.75""",83,"6'11""",2.25,225,UDFA,Philadelphia 76ers,PHI,39.62,69.14,70,90,24,105,81,18.45,37,0.23,0.00,0.00,0.03,0.27,0.70,69,81,,,,90,66,66,,,70,,,64,71,59,,,59,,,54,44,,,55,,,55,,,,,,,83,,97,100,90,34,,,,,75,,,,24,,70,,,70,90,,60,,55,,,36,,,,,,,,,,,,,,,,,,,,,,,,,,,,,88,,,,105,,65,,,,74,,,,86,,,,53,,,,,,,,,,,,,,,,,,,90,,,,,,,,,,,,,,,,,,,,,,,,70,,73,,,67
75,Jahmai Mashack,Guard,SEC,Tennessee,#FF8200,22.62,74.75,"6'2.75""",79.75,"6'7.75""",5,197,59,Memphis Grizzlies,MEM,39.01,66.91,63.5,63,38,103,65,15.19,34,0.22,0.00,0.00,0.00,0.29,0.71,59,88,,,,,,64,,,98,,,,68,64,38,,63,,,,,,,103,,,,,,,,52,,,,85,72,81,75,,,,,70,,,,60,,,,44,,87,,78,,58,63,,63,,,,60,,,,,,,,,,,,,,,,,,,,,,,,,81,,,,61,,56,,,,,,42,,,,,,66,,,,,,,,51,,,60,,,,,,,,,,56,,,,,,,,69,,55,,,,,,,85,,,,,,,,,,
76,Curtis Jones,Guard,Big 12,Iowa State,#C8102E,24.41,75,"6'3""",79.5,"6'7.5""",4.5,183,UDFA,Denver Nuggets,DEN,36.52,68.55,70,73,29,143,114,21.91,31,0.20,0.00,0.00,0.03,0.29,0.68,87,93,,,,74,,73,,,73,,,,73,,,,86,,,,,,,,47,,,,,,,,,90,,76,93,,,,,,,,,53,,,,69,,,,46,,68,54,,61,,,,,,,58,,,,,,,,,,,,,,,,,,,,,,,,,,,,75,,,,,,,,,,40,,44,,84,,,,,,,,,,,,,143,,,,,,74,,,,,,53,,,,,,,,29,,70,,35,78,,,,,,,65,,,61
77,Jacksen Moni,Big,Summit,North Dakota State,#0A5640,22.35,80.75,"6'8.75""",82.75,"6'10.75""",2,230,UDFA,San Antonio Spurs,SAS,35.69,66.21,71,49,23,102,79,20.37,28,0.18,0.00,0.00,0.04,0.32,0.64,84,,,,,,40,93,,,82,,,,49,,,,80,,,74,,,,,,,,,,,,,,49,,,70,73,,,,,,77,,,,57,,,,,,91,,66,78,,57,,,,60,51,,,,,,,,,,,,,,,,,,,,,,,,,,87,,,,102,,,,,,75,,,,89,,,,68,,,23,,,,,,,,,,37,,,36,,,,,34,,,,,,,,,,,,,,72,,,,,,,,,,,,,
78,Sean Pedulla,Guard,SEC,Ole Miss,#CE1126,22.71,72.5,"6'0.5""",73.75,"6'1.75""",1.25,194,UDFA,Portland Trail Blazers,POR,34.34,67.93,69,69,32,98,66,18.63,27,0.17,0.00,0.00,0.00,0.26,0.74,92,69,,,,54,68,77,,,75,,,,36,68,,,95,,,,,,,61,,,,74,,,,,,98,,82,86,,,,,,,,,,,,,,,,,,,73,61,38,,,,,,,,,,,,,,,,,,,,60,,,,,,,,,,,,,,,,82,,,,,,,,,,32,53,,,,,,,,,,,67,,,,,98,,,,,,54,,,,,,,,,,,37,,,,,75,,,69,,,,,,,,,,
79,Wooga Poplar,Wing,Big East,Villanova,#13B5EA,22.47,75.75,"6'3.75""",78,"6'6""",2.25,192,UDFA,Chicago Bulls,CHI,33.80,66.04,62,45,25,139,114,24.53,25,0.16,0.00,0.00,0.04,0.40,0.56,,,,,,,,,,,,,,61,,,,,100,,,,,,,,,,,72,,,,,,45,,,90,62,25,,,,,59,,44,,47,,,,,,,,89,77,68,80,,,,,,45,,,,,31,,,,,,,,,,,,,,,,,,,,,,,,77,,,,,,66,,,,74,,,,91,,,,40,,,,,,,,,139,,,,,,,,58,,,,,,,,,,,,,,,,,55,,,,,56,,,,,
80,Jaxson Robinson,Wing,SEC,Kentucky,#0033A0,22.6,76.75,"6'4.75""",83.25,"6'11.25""",6.5,189,UDFA,Cleveland Cavaliers,CLE,33.38,71.71,72,74,41,105,64,17.38,28,0.18,0.00,0.00,0.00,0.21,0.79,74,61,,,71,45,,78,,,65,,,,,,,,103,,,53,,,,,,,,,,,,,,97,,70,76,85,,,,,,,,,,,,,,,61,74,,75,105,,56,,71,,,,,47,68,,,,,,,,,,,,,,,,,,,,,,,98,,,,96,,,,,,,,,,,41,,,75,,,,,,,,71,,,,,,,,,,,45,,,,,,,,,,,,,,,,,,,73,,,,,,,74,,,
81,Caleb Grill,Guard,SEC,Missouri,#F1B82D,25.03,74.25,"6'2.25""",79.5,"6'7.5""",5.25,204,UDFA,Chicago Bulls,CHI,32.77,66.92,66,63,24,114,90,18.52,24,0.15,0.00,0.00,0.04,0.21,0.75,90,65,,,,81,24,90,,,67,,,,60,,,,,,,,,,,75,,,,63,,,,,,,,,56,,,,,,,51,,,,,,62,,,70,55,,63,114,,,,43,,69,,,,,,,,,,,,,,,,,,,,,,,,,,,73,,,,83,,,,,,63,,,,39,,,,,,,,,,,,,,,,,,,,,,,81,,,,,,,,,,,,,,,,,,,,,,,,69,,,,,
82,Caleb Love,Guard,Big 12,Arizona,#CC0033,23.75,74.25,"6'2.25""",80.75,"6'8.75""",6.5,203,UDFA,Portland Trail Blazers,POR,31.30,72.32,73,63,42,92,50,12.40,25,0.16,0.00,0.00,0.00,0.12,0.88,63,80,,,73,61,,84,,,69,,,,74,66,,,,,,,,,,,,,,,,,,,,,,,92,83,79,,,,,,,,,,,,,,58,,,82,86,,,,,,,,,,62,,,,,,,,,,,,,,,,,,58,,,,,91,,,,88,,,,,,81,,,,63,,,,64,,,,,,,,73,,,,,,,,,,,61,,,,,,,,,,,,,,,,,,,42,,,,,,,75,,,
83,Jalon Moore,Wing,SEC,Oklahoma,#841617,22.21,78.25,"6'6.25""",80.25,"6'8.25""",2,203,UDFA,NBA Combine,,31.00,69.74,70,68,39,100,61,17.84,23,0.15,0.00,0.00,0.00,0.35,0.65,68,77,,,,48,,,,,,,,,89,,,,42,,,83,,,,,,,,,,,,,,77,,52,89,68,,,,,,,,,,,,73,,,59,,,86,91,,49,,,,,,,,,,,,,,,,,,,,,,,,,,,,,,,82,,,,100,,,,,,70,,,,90,54,,,70,,,,,,,,,,,,,,,,,,,48,,,,,,,,,,,,,,,,,,,39,,,,,,,,,,
84,Norchad Omier,Wing,Big 12,Baylor,#154734,23.83,77.5,"6'5.5""",83.5,"6'11.5""",6,246,UDFA,Cleveland Cavaliers,CLE,30.55,74.20,67,63,37,147,110,24.73,25,0.16,0.00,0.00,0.00,0.20,0.80,83,89,,,,,61,95,,,91,,,,63,,,,51,,,,,,,39,,,64,,,,,,,88,,,82,,74,,,,,,,,,,,,,,,,,88,66,63,62,,67,,,,,,,,,,,,,,,,46,,,,,,,,,,,,,,,,,110,,,,,,,,,,37,,,,85,,,,,,,,,,,,,147,,,42,,,,,,,,,,,,,,,,,,,,,,99,,,,,63,,,,,
85,Arthur Kaluma,Wing,SEC,Texas,#BF5700,23.32,78.25,"6'6.25""",85,"7'1""",6.75,223,UDFA,Los Angeles Lakers,LAL,30.26,74.92,71,64,44,138,94,20.40,25,0.16,0.00,0.00,0.00,0.20,0.80,95,,,,74,64,,69,,,97,,,70,72,,,,138,,,67,,,,,,,,,,,,,,66,,,88,,71,,,,,44,,,,,,,,,,,,96,,,75,,57,,,,,,61,,,,,,,,,,,,,,,,,,,,,,,,,52,,80,,,44,,,85,,,,,,,,90,58,,,,,,,,,,,,96,,,,,,64,,,,,,,,,,,,,,,,,,,,,,,,,,,,,
86,Andrew Carr,Big,SEC,Kentucky,#0033A0,23.4,81.5,"6'9.5""",83.75,"6'11.75""",2.25,222,UDFA,Portland Trail Blazers,POR,28.68,74.14,75,76,34,109,75,19.42,22,0.14,0.00,0.00,0.00,0.23,0.77,,,,,,76,,97,,,95,,,,75,,,,109,53,,,,,,51,,,65,,,,,,,,,79,,,,,,,,,,,,,,,,,48,75,,98,,74,60,,34,,,,,,,,,,,,,,,,,,,,,,,,,,,,,,,,,89,,,,,,73,,,,65,,,,,,,,,,,,,,,,,89,,,,,,76,,52,,,,,,,,,,,,,,,,,98,,,,,,,,,,
87,Clifford Omoruyi,Big,SEC,Alabama,#9E1B32,23.7,83,"6'11""",90,"7'6""",7,240,UDFA,Toronto Raptors,TOR,28.26,73.48,71,66,47,101,54,16.54,21,0.13,0.00,0.00,0.00,0.24,0.76,,66,,,,,47,70,,,66,,,,,57,,53,99,,,70,,,,74,,,,,,,,,,,,98,96,78,48,,,,,55,,,,,,,,,,89,,,81,69,72,,,,,,,,,,,,,,,,,,,,,,,,,,,,,,,,,,,101,,,,,,,,,,,,,,83,,,,,,,,,,,,,,,,,,,,,,,,,,,,,,,,,,,71,,,,,,,,,,,,,
88,Matthew Cleveland,Wing,ACC,Miami,#F47321,22.78,79,"6'7""",84,"7'0""",5,210,UDFA,Dallas Mavericks,DAL,27.45,75.71,71,65,59,97,38,13.06,21,0.13,0.00,0.00,0.00,0.05,0.95,97,94,,,,65,,71,,,,,,72,,,,,,,,71,59,,,,,,,,,,,,,64,,,97,71,92,,,,,,,,,,,,,,,73,,,70,,79,,70,,,,,,,,,,,,,,,,,,,,,,,,,,,,,95,,,,93,,,,,,65,,,,61,,,,,,,,,,,,,,,,,,,,,,,65,,,,,,,,,,,,,,,,,,,66,,,,,,,,,,
89,Keshon Gilbert,Guard,Big 12,Iowa State,#C8102E,21.99,74.5,"6'2.5""",78.25,"6'6.25""",3.75,185,UDFA,Washington Wizards,WAS,26.92,68.94,67,69,35,104,69,17.80,17,0.11,0.00,0.00,0.00,0.24,0.76,82,95,,,,,,65,,,,,,,84,,,,104,,,69,,,,,,,,,,,,,,,,,,,,,,,,86,,,,,,,,,,63,,,67,,69,,,,,,,,,,,,,,,,,,,,,,,,,,,,,,,66,,,,62,,,,,,,,,35,45,,,,,,,,,,,,,,,,,47,,,,,,,,,,,,,,,,,,,,,,,,,75,,,,,,,58,,,
90,Cameron Matthews,Wing,SEC,Mississippi State,#660000,23.51,77.75,"6'5.75""",83,"6'11""",5.25,235,UDFA,Houston Rockets,HOU,26.77,73.79,70,87,49,103,54,15.89,19,0.12,0.00,0.00,0.00,0.21,0.79,81,,,,,,,87,,60,,,,,,,,,49,,,61,,,,68,,,,70,,,,,,100,,,87,92,,,,,,,,,,,,76,,,,67,,,103,,,,59,,,,,,,,,,,,,,,,,,,,,,,,,,,,,63,,,58,,,,,,,,,,,79,,,,,,,,,,,,,,,,,88,,,,,,,,,,,,,,,,54,,,,,,,,,,,,,,,,,,,
91,John Poulakidas,Wing,Ivy League,Yale,#00356B,22.22,76.5,"6'4.5""",81.25,"6'9.25""",4.75,199,UDFA,Los Angeles Clippers,LAC,26.53,78.24,73,83,43,118,75,17.19,21,0.13,0.00,0.00,0.00,0.05,0.95,79,98,,,,,,60,,,83,,,,83,,,,96,,,65,,,,,62,,,73,,,,,,73,,,74,,,,,,,,,,,,,,,,43,72,,70,118,72,,,,,,,,,,,,,,,,,,,,,,,,,,,,,,,,97,,,,103,,,,,,,,,,88,,,,71,,,,,,,,,,,,,,,,,,,,,,,,,,,,,63,,,,,,,,,,,,,,,,,,,
92,Chase Hunter,Guard,ACC,Clemson,#F56600,24.21,73.75,"6'1.75""",80.75,"6'8.75""",7,200,UDFA,New Orleans Pelicans,NOP,26.49,76.55,74,64,56,99,43,13.79,20,0.13,0.00,0.00,0.00,0.10,0.90,64,,,,,99,67,81,,,,,,,64,,,,,,,,,,,,,,,,,,,,,63,,,98,80,82,,,,,,,,,,,59,,,74,56,,94,93,,,,77,,,,,,,,,,,,,,,,,,,,,,,,,,,,,,,,,,,70,,,,69,,,,,,,,,,,,,,,,,,,,,,,,,,,99,,,,,,,,,,,,,,,,,,,74,,,,,68,,,,,
93,Chance McMillian,Guard,Big 12,Texas Tech,#CC0000,24.39,73.5,"6'1.5""",77,"6'5""",3.5,181,UDFA,Golden State Warriors,GSW,26.19,77.40,81,86,40,107,67,18.80,20,0.13,0.00,0.00,0.00,0.20,0.80,91,73,,,,,43,,,,96,,,,56,,,,107,,,,,,,94,,,,,,,,,,,,86,71,88,,,,,,,,,,,,,,,,79,,83,,,,,40,,,,,,,,,,,,,,,,,,,,,,,,,,,,,68,,,,95,,,,,,72,,,,53,,,,86,,,,,,,,,,,,,,,,,,,,,,,,,,,,,,,,,,,,,,100,,,,,,,67,,,
94,Lamont Butler,Guard,SEC,Kentucky,#0033A0,23.04,74,"6'2""",N/A,N/A,N/A,208,UDFA,Atlanta Hawks,ATL,25.87,78.30,77,74,49,109,60,15.08,20,0.13,0.00,0.00,0.00,0.05,0.95,78,74,,,,93,49,62,,,90,,,,,,,,,,,79,,,,,,,,,,,,,,,,90,,91,60,,,,,,,,,,,,,,,,,97,109,,68,,,,,,,,,,,,,,,,,,,,,,,,,,,,,,,74,,,,85,,,,,,62,,,,,,,,,,,,,,,,,,,,,,,,,,,93,,,,,,,,,,,,,,,,,,,72,,,,,,,76,,,64
95,Coleman Hawkins,Big,Big 12,Kansas State,#512888,23.5,80.5,"6'8.5""",84.25,"7'0.25""",3.75,224,UDFA,Golden State Warriors,GSW,25.47,81.14,78,95,43,141,98,21.32,21,0.13,0.00,0.00,0.00,0.10,0.90,,99,,,,95,,,,,,,,74,,,,,83,,,,58,,,,,,60,,,,,,,,,,68,75,81,,,,,78,,,,,,,,,,60,43,,141,65,,,,,,,,,,,,,,,,,,,,,,,,,,,,,,,,92,,,,78,,,,,,77,,,,,,,,,,,,,,,,,,,,,115,,,,,,95,,,,,,,,,,,,,,,,,,,90,,,,,77,,,,,
96,Mohamed Diawara,Wing,French LNB Pro B,Poitiers Basket 86,#BF5700,20.2,81,"6'9""",88,"7'4""",7,200,51,New York Knicks,NYK,23.81,73.73,68,51,51,106,55,20.02,15,0.09,0.00,0.00,0.00,0.33,0.67,,83,,,,51,,63,,,81,,,,,,,,76,,,55,,,,,,,,,,,,,,61,,,,93,,,,,,,,,,,,,,,,57,,100,106,,,,,,,,,,,,,,,,,,,,,,,,,,,,,,,,,,,,,68,,,,,,,,,,,55,,,,,,,,,,,,,,,,106,,,,,,51,,,,,,,,,,,,,,,,,,,,,,,,,,,,,
97,Dawson Garcia,Big,Big 10,Minnesota,#7A0019,23.8,81.25,"6'9.25""",82.75,"6'10.75""",1.5,225,UDFA,Detroit Pistons,DET,23.38,75.13,79,86,39,104,65,18.60,15,0.09,0.00,0.00,0.00,0.20,0.80,,,,,,86,,91,,,79,,,,,,,,,,,,,,,,,,,,,,,,60,87,,,,,,,,,,,,58,,,,,,,,,,,69,,,,42,,,,,,,,,,,,,,,,,,,,,,,,,,,,,,,,,104,,,,,,78,,,,,,,,94,,,,,,,,,,,,,81,,,,,,86,,39,,,,,,,,,,,,,,73,,,,,,,,,,,,,
98,Isaac Nogues,Wing,G League,Rip City Remix,#E03A3E,21.37,76.75,"6'4.75""",81.75,"6'9.75""",5,201,UDFA,Sacramento Kings,SAC,23.37,72.50,74.5,100,42,100,58,18.11,14,0.09,0.00,0.00,0.00,0.36,0.64,88,,,,,100,,,,,74,,,,58,,,,53,,,75,,,,,,,,,,,,,,,,,75,,,,,,,,,,,,,,,,,,,76,,,42,,,,,,,,,,,,,,,,,,,,,,,,,,,,,,,,,,,,,,,,,,,,,56,,,,92,,,,,,,,,,,,,71,,,,,,100,,,,,,,,,,,,,,,,,,,,,,,,,,,,,55
99,Saliou Niang,Wing,Italian Serie A,Trento,#2F353F,21.11,79,"6'7""",82.75,"6'10.75""",3.75,204,58,Cleveland Cavaliers,CLE,23.15,67.00,69,93,25,94,69,24.22,12,0.08,0.00,0.00,0.08,0.33,0.58,,82,,,,,,,,,72,,,,,,,,,54,,,,,50,93,,,,,,,,,,36,,,91,,,,,,,,,,,,,,,,,,,,94,,,,,,,,,,,,,,,,,,,,,,,,,,,,,,,,,,,,,66,,,,,,,,,,,,,,93,,,,,,,25,,,,,,48,,,,,,,,,,,,,,,,,,,,,,,,,,,,,,,,,,,
100,Miles Kelly,Wing,SEC,Auburn,#E87722,22.42,76,"6'4""",80.25,"6'8.25""",4.25,178,UDFA,Dallas Mavericks,DAL,22.63,79.88,81.5,97,43,131,88,22.11,16,0.10,0.00,0.00,0.00,0.13,0.88,98,,,,,97,,85,,,80,,,,45,,,,,,,,,,,,,,,,,,,,,,,61,83,,,,,,,,,,,,,60,,,,84,,72,131,43,,,,,,,,,,,,,,,,,,,,,,,,,,,,,,,,,,,,71,,,,,,,,,,,,,,,,,,,,,,,,,,,,,,,,,97,,,,,,,,,,,,,,,,,,,96,,,,,75,,,,,
101,LJ Cryer,Guard,Big 12,Houston,#C8102E,23.7,73,"6'1""",76,"6'4""",3,200,UDFA,Golden State Warriors,GSW,22.58,84.11,82,82,51,148,97,22.16,18,0.11,0.00,0.00,0.00,0.06,0.94,,92,,,,82,,100,,,94,,,,,,,,77,,,,,,,73,,,,,,,,,,,,,,,,,,,,66,,,,,,,,,,,,85,148,73,83,,,,,,,,,,,,,,,,,,,,,,,,,,,,,,,,,,,51,,,,,,,,,,,,,,88,,,,,,,,,,,,,119,,,,,,82,,,,,,,,,,,,,,,,,,,70,,,,,,,66,,,65
102,Oumar Ballo,Big,Big 10,Indiana,#990000,22.9,84,"7'0""",N/A,N/A,N/A,260,UDFA,Miami Heat,MIA,22.50,65.73,79,80,25,102,77,28.28,11,0.07,0.00,0.00,0.09,0.27,0.64,,,,,,,,,,,,,,,,,,,,,,,,,,79,,,,,,,,,,,,,,,98,,,,,,,,,,,,,,,,,,,,81,,31,,,,,,,,,,,,,,,,,,,,,,,,,,,,,102,,,,76,,,,,,80,,,,,,,,,,,,,,,,,,,,,80,,,,,,,,,25,,,,,,32,,,,,39,,,,,,,,,,,,,,,
103,Julian Reese,Big,Big 10,Maryland,#E03A3E,21.99,81,"6'9""",84.5,"7'0.5""",3.5,252,UDFA,Los Angeles Lakers,LAL,21.94,77.29,70,70,54,132,78,21.22,14,0.09,0.00,0.00,0.00,0.21,0.79,,,,,,70,58,,,,,,,,,,,,108,,,,,,,89,,,,,,,,,,,,84,,,70,,,,,,,,,,,,,,,,,,132,,,,,,,,,,,,,,,,,,,,,,,,,,,,,,,,,76,,,,65,,,,,,,,,,,,,,82,,,,,,,,,,,,,59,,,54,,,70,,,,,,,,,,,,,,,,,,,65,,,,,,,,,,
104,Taelon Peter,Wing,C-USA,Liberty,#002D62,23.33,76,"6'4""",N/A,N/A,N/A,185,54,Indiana Pacers,IND,21.43,65.80,69.5,N/A,16,111,95,33.90,10,0.06,0.00,0.00,0.20,0.30,0.50,,,,,,,16,,,,,,,,,,,,94,,,,,,,95,,,,,,,,,,,,,,96,,,,,,81,,,,,,,,,,,,,,,,,,,,41,,,,,,,,,,,,,,,,,,,,,,,,,,,23,,,,,,,,,,,,,,,,,,,,,,,,,,,,,,111,,,43,,,,,,,58,,,,,,,,,,,,,,,,,,,,,,,,,
105,Adama Bal,Wing,WCC,Santa Clara,#862633,22.5,77.5,"6'5.5""",82,"6'10""",4.5,198,UDFA,Strasbourg,Strasbourg,21.20,77.08,78,69,45,110,65,20.20,13,0.08,0.00,0.00,0.00,0.15,0.85,,,,,,69,,,,,,,,,,,,,45,,,,,,,,,,,,,,,,,,,,99,50,61,,,,,83,,,,65,,,,,,,,87,110,,,,,,,,,,,,,,,,,,,,,,,,,,,,,,,,,,,,,107,,,,,,,,,,,,,,,,,,,,,,,,,,,,,,,,,69,,,,,,,,,,,,,,,,,,,79,,,,,,,78,,,
106,RJ Davis,Guard,ACC,North Carolina,#7BAFD4,23.68,70.75,"5'10.75""",76,"6'4""",5.25,175,UDFA,Los Angeles Lakers,LAL,19.55,82.85,88,88,45,108,63,16.57,13,0.08,0.00,0.00,0.00,0.08,0.92,96,,,,,88,,94,,,87,,,,90,,,,,,,,,,,,,,,,,,,,,,,,,65,,,,,,,,,,,,,,,,,,91,64,,,,,,,,,,,,,,,,,,,,,,,,,,,,,,,,,,,,,86,,,,,,,,,,,,,,,,,,,,,,75,,,,,108,,,,,,88,,,,,,,,,,,,,,,,,,,45,,,,,,,,,,
107,Steve Settle III,Wing,American,Temple,#9D2235,24.3,82,"6'10""",N/A,N/A,N/A,180,UDFA,Miami Heat,MIA,19.15,74.90,78,78,29,129,100,28.25,10,0.06,0.00,0.00,0.10,0.20,0.70,,,,,,,70,,,,99,,,,,,,,46,,,78,,,,,,,,,,,,,,78,,53,,89,,,,,,,,,,,,,,,,,,,129,,,,,,,,,,,,,,,,,,,,,,,,,,,,,,,,,78,,,,,29,,,,,,,,,,,,,,,,,,,,,,,,,,,,,,,,,,,,,,,,,,,,,,,,,,,,,,,,,,,,,
108,Jonathan Pierre,Wing,MVC,Belmont,#C8102E,22.18,80.25,"6'8.25""",84,"7'0""",3.75,214,UDFA,Washington Wizards,WAS,18.83,79.64,72,N/A,37,149,112,27.97,11,0.07,0.00,0.00,0.00,0.09,0.91,85,,,,,,,,,,,,,71,79,,,,72,,,,,,,,,,,,,,,,,68,,,95,,,,,,,,,37,,,,,,,,,,,149,,,,,,,,,,,,,,,,,,,,,,,,,,,,,,,,,,,,,,,,,,,67,,,,92,,,,,,,,,,,,,,,,,,,,,,,,,,,,,,,,,61,,,,,,,,,,,,,,,,,,,
109,Augustas Marčiulionis,Guard,WCC,Saint Mary's,#DB0024,23.3,76,"6'4""",N/A,N/A,N/A,200,UDFA,Los Angeles Lakers,LAL,17.84,80.10,78.5,72,67,96,29,9.69,10,0.06,0.00,0.00,0.00,0.00,1.00,,,,,,,,,,,,,,,,,,,75,,,,,,,,,,,,,,,,,96,,81,,,78,,,,,,,,,,,,,,72,,,,72,,,,,,,,,,,,,,,,,,,,,,,,,,,,,,,,,67,,,,,,,,,,,,,,,,,,79,,,,,,,,,,,,,86,,,,,,,,,,,,,,,,,,,,,,,,,95,,,,,,,,,,
110,Eli N'Diaye,Big,Spanish ACB,Real Madrid,#FEBE10,21,80,"6'8""",85,"7'1""",5,185,UDFA,Atlanta Hawks,ATL,16.13,86.90,88,N/A,62,111,49,15.20,10,0.06,0.00,0.00,0.00,0.00,1.00,,87,,,,,,,,,92,,,,,,,,,,,,,,,77,,,,,,,,,,62,,91,,,89,,,,,,,,,,,,,,,,,,108,,71,,,,,,,,,,,,,,,,,,,,,,,,,,,,,,,,,,,111,,,,,,,,,,,,,,81,,,,,,,,,,,,,,,,,,,,,,,,,,,,,,,,,,,,,,,,,,,,,,,,